START TRANSACTION;

INSERT INTO categoria
VALUES
	( 'Alimentos' ),
	( 'Bebidas' ),
	( 'S/Gas' ),
	( 'Agua' ),
	( 'Sumos' ),
	( 'C/Gas' ),
	( 'Refrigerantes' ),
	( 'Alcoolicas' ),
	( 'Lacticinios' ),
	( 'Iogurtes' ),
	( 'Frescos' ),
	( 'Legumes' ),
	( 'Fruta' ),
	( 'Carne' ),
	( 'Peixe' ),
	( 'Congelados' ),
	( 'Pre-feitos' ),
	( 'Sobremesas' ),
	( 'Doces' ),
	( 'Gelados' ),
	( 'Cereais' ),
	( 'Bolachas' ),
	( 'Chocolates' ),
	( 'Vestuario' ),
	( 'T-Shirts' ),
	( 'Calcas' ),
	( 'Malas' ),
	( 'Mochilas' ),
	( 'Sapatos' );

INSERT INTO categoria_simples
VALUES
	( 'Agua' ),
	( 'Sumos' ),
	( 'Refrigerantes' ),
	( 'Iogurtes' ),
	( 'Legumes' ),
	( 'Fruta' ),
	( 'Carne' ),
	( 'Peixe' ),
	( 'Pre-feitos' ),
	( 'Sobremesas' ),
	( 'Gelados' ),
	( 'Cereais' ),
	( 'Bolachas' ),
	( 'Chocolates' ),
	( 'T-Shirts' ),
	( 'Calcas' ),
	( 'Malas' ),
	( 'Mochilas' ),
	( 'S/Gas' ),
	( 'C/Gas' ),
	( 'Alcoolicas' ),
	( 'Sapatos' );

INSERT INTO super_categoria
VALUES
	( 'Alimentos' ),
	( 'Bebidas' ),
	( 'Lacticinios' ),
	( 'Frescos' ),
	( 'Congelados' ),
	( 'Doces' ),
	( 'Vestuario' );

INSERT INTO constituida
VALUES
	( 'Alimentos' , 'Bebidas' ),
	( 'Bebidas' , 'S/Gas' ),
	( 'Bebidas' , 'C/Gas' ),
	( 'Bebidas' , 'Alcoolicas' ),
	( 'Alimentos' , 'Lacticinios' ),
	( 'Lacticinios' , 'Iogurtes' ),
	( 'Alimentos' , 'Frescos' ),
	( 'Frescos' , 'Legumes' ),
	( 'Frescos' , 'Fruta' ),
	( 'Frescos' , 'Carne' ),
	( 'Frescos' , 'Peixe' ),
	( 'Alimentos' , 'Congelados' ),
	( 'Congelados' , 'Pre-feitos' ),
	( 'Congelados' , 'Sobremesas' ),
	( 'Alimentos' , 'Doces' ),
	( 'Doces' , 'Gelados' ),
	( 'Doces' , 'Cereais' ),
	( 'Doces' , 'Bolachas' ),
	( 'Doces' , 'Chocolates' ),
	( 'Vestuario' , 'T-Shirts' ),
	( 'Vestuario' , 'Calcas' ),
	( 'Vestuario' , 'Malas' ),
	( 'Vestuario' , 'Mochilas' ),
	( 'Vestuario' , 'Sapatos' );

INSERT INTO fornecedor
VALUES
	( 563282060 , 'ifXmJmnR' ),
	( 110512670 , 'qLQRyB' ),
	( 573732799 , 'nOKwtdt' ),
	( 590558632 , 'sdRJvXyP' ),
	( 596604259 , 'XUWcG' ),
	( 476948114 , 'WSRRYxG' ),
	( 618351761 , 'LEGHyJ' ),
	( 117889808 , 'vvFKa' ),
	( 483437395 , 'gMQgFAxE' ),
	( 385806900 , 'fgfRWKI' ),
	( 144842333 , 'yeoTMgtxi' ),
	( 971932075 , 'tcuMzcT' ),
	( 661221331 , 'tnoWWb' ),
	( 675531160 , 'YKxNdDti' ),
	( 365087238 , 'vsYYuSg' ),
	( 392254990 , 'CkChD' ),
	( 313720003 , 'ITsir' ),
	( 732543972 , 'KDWbbjLpd' ),
	( 896246889 , 'fVmAeYBAE' ),
	( 192838530 , 'OUhcZhc' ),
	( 483576274 , 'MAGpQqJ' ),
	( 875475741 , 'QRgYv' ),
	( 213258055 , 'uPhYg' ),
	( 622672955 , 'bXDMTwPRF' ),
	( 540166848 , 'jXwnkMC' ),
	( 800139743 , 'maBMa' ),
	( 352500351 , 'GSeCemDC' ),
	( 733419327 , 'qIFZD' ),
	( 764534907 , 'Hhepi' ),
	( 417933005 , 'LpDlG' ),
	( 398018370 , 'RhmKE' ),
	( 423204020 , 'xYsryoEWL' ),
	( 768448853 , 'KSOUTWR' ),
	( 913181858 , 'juBMDncTZ' ),
	( 670502820 , 'PbeUVGXn' ),
	( 121637124 , 'xrxUQg' ),
	( 806105421 , 'UQEPZ' ),
	( 432594756 , 'dKsFirV' ),
	( 163944786 , 'rBKUisO' ),
	( 754842284 , 'GVCCHDX' ),
	( 956325210 , 'jDwdYVn' ),
	( 606171817 , 'DnpERMda' ),
	( 507909912 , 'iWqkWxLQq' ),
	( 184823610 , 'cedjV' ),
	( 578524939 , 'nspyv' ),
	( 158583382 , 'YTGshbOg' ),
	( 800684020 , 'rEaxOL' ),
	( 458761572 , 'SoEKaHiDI' ),
	( 245069628 , 'FqGpkgS' ),
	( 786086233 , 'cpLYwL' ),
	( 212081952 , 'OqMlMWGS' ),
	( 660604083 , 'AzyLh' ),
	( 825118224 , 'qMWgC' ),
	( 446692362 , 'DjlTubsu' ),
	( 517501102 , 'ZvZwlDSD' ),
	( 473048440 , 'SQIsS' ),
	( 339151762 , 'kxamH' ),
	( 149913378 , 'qtjnJCj' ),
	( 121615984 , 'XwIWedc' ),
	( 105342098 , 'WehPvQ' ),
	( 894759675 , 'UEWXSP' ),
	( 412249514 , 'pVWaT' ),
	( 465969722 , 'zyuxzZ' ),
	( 220006343 , 'NBrWWU' ),
	( 762706633 , 'ptGAZBulu' ),
	( 295166398 , 'iWuRwDdW' ),
	( 609968596 , 'skUajk' ),
	( 309688053 , 'PhVnOqW' ),
	( 744637719 , 'LTrTFBGR' ),
	( 537823168 , 'UZGmIWqm' ),
	( 897250599 , 'dNtezAYWG' ),
	( 888777761 , 'JMsHU' ),
	( 816722269 , 'NHAMyIhPy' ),
	( 234202466 , 'xbmwfyDj' ),
	( 667744445 , 'Oavoeminx' ),
	( 112740313 , 'VvxXycMPZ' ),
	( 583283270 , 'rsmzQNWpg' ),
	( 440528243 , 'pNfCLXln' ),
	( 800894380 , 'aIFjqqD' ),
	( 987346399 , 'LFWnY' ),
	( 631100008 , 'JOTLx' ),
	( 329285717 , 'BMJmMrD' ),
	( 231053781 , 'tEottBVw' ),
	( 606537997 , 'xUNPiM' ),
	( 133381982 , 'pfyfG' ),
	( 374646439 , 'AyARAtu' ),
	( 444043927 , 'cSgIhYnaW' ),
	( 963080110 , 'AyBauCq' ),
	( 404191109 , 'SPoOKAP' ),
	( 871506669 , 'Qgbxv' ),
	( 494000206 , 'hMnVAxjK' ),
	( 749596809 , 'dTVUNy' ),
	( 124540093 , 'EmzSKLIL' ),
	( 229517286 , 'Bxncz' ),
	( 659146521 , 'ZYmhlqo' ),
	( 124824162 , 'qSxOB' ),
	( 520713087 , 'yriNHY' ),
	( 982093551 , 'EIjMrmXQ' ),
	( 464629517 , 'jrUlE' ),
	( 193572549 , 'jEWWj' ),
	( 971740454 , 'BGnwwhPm' ),
	( 981805918 , 'vJbEP' ),
	( 612085843 , 'gBiflN' ),
	( 807175341 , 'NWAlgXU' ),
	( 414486141 , 'UdWpEuzlj' ),
	( 827793474 , 'OxrlZYtZz' ),
	( 860721142 , 'ljKodca' ),
	( 620965245 , 'piqiYbzap' ),
	( 674829188 , 'IuErK' ),
	( 290954077 , 'FUIUh' ),
	( 532455906 , 'fxOYEpFEf' ),
	( 147999556 , 'IiXlTeQ' ),
	( 893760867 , 'tmZeylWX' ),
	( 404688077 , 'smina' ),
	( 443168717 , 'noVWL' ),
	( 684614918 , 'CuRhYlA' ),
	( 186808611 , 'lOgaChcVF' ),
	( 390534419 , 'BpvzXot' ),
	( 686789792 , 'NUYDr' ),
	( 372944843 , 'KZAIIb' ),
	( 394002184 , 'DPROb' ),
	( 748052268 , 'gcrDY' ),
	( 606874189 , 'WuaIjNnhU' ),
	( 330604174 , 'kWXolj' ),
	( 501694891 , 'WFNVFA' ),
	( 891881563 , 'KNCtb' ),
	( 691521181 , 'OftxDAd' ),
	( 410607717 , 'neQsXVOAV' ),
	( 266160437 , 'kFNrhy' ),
	( 930765789 , 'MHHvGkR' ),
	( 517560017 , 'udqah' ),
	( 809789271 , 'xigYyqER' ),
	( 599283434 , 'uvuXKqev' ),
	( 381632177 , 'nLKvvQNi' ),
	( 483857686 , 'xzdHBzd' ),
	( 466607531 , 'MhkIWeJ' ),
	( 477842680 , 'DBbhoXS' ),
	( 820862201 , 'AFsjBQses' ),
	( 610673459 , 'NZokgnh' ),
	( 943840549 , 'mXqqSgPo' ),
	( 842854710 , 'sPQrQZVJ' ),
	( 779597581 , 'UCONySB' ),
	( 170724471 , 'sjDcJZO' ),
	( 367044292 , 'aYVjMKunQ' ),
	( 566711784 , 'AjHZdgIg' ),
	( 780829210 , 'mhBsGq' ),
	( 486428900 , 'bAHcPD' ),
	( 484127585 , 'pCkdR' ),
	( 600779920 , 'ADSiCfu' ),
	( 127407807 , 'ejmpz' ),
	( 689235804 , 'sXNRzfg' ),
	( 184837499 , 'hfgCTMyJY' ),
	( 481026669 , 'yLymfON' ),
	( 439766488 , 'TTAICQ' ),
	( 329860165 , 'KNwEPar' ),
	( 757373613 , 'QmwiiQY' ),
	( 208138754 , 'OWJGuw' ),
	( 409358337 , 'HoRMTTxM' ),
	( 872621964 , 'yhUyg' ),
	( 272906266 , 'jgKnRM' ),
	( 744216584 , 'aDoFKr' ),
	( 471140598 , 'nRLcAqX' ),
	( 264921283 , 'KWTuN' ),
	( 158216981 , 'iIOUGOyZ' ),
	( 785414460 , 'xQziuTS' ),
	( 518365534 , 'oDmCw' ),
	( 908031894 , 'ofdsNA' ),
	( 650368503 , 'HDBHyAwWf' ),
	( 654703665 , 'JjcsjZ' ),
	( 851627696 , 'eMBYR' ),
	( 825543392 , 'WaRMjEe' ),
	( 855851675 , 'HKdsuj' ),
	( 737670961 , 'LjIBIHC' ),
	( 501435357 , 'mWYbut' ),
	( 622616266 , 'HJjKlu' ),
	( 615776429 , 'FBdzO' ),
	( 189476309 , 'ZhmXyYGzq' ),
	( 965739116 , 'FgeWpGB' ),
	( 773257392 , 'ngHsNMM' ),
	( 592079305 , 'rQNhyeY' ),
	( 603664936 , 'mDYNI' ),
	( 128259413 , 'adrEDa' ),
	( 715664500 , 'RzToY' ),
	( 298516527 , 'rryzM' ),
	( 428950121 , 'QRygUC' ),
	( 175967967 , 'OBJWN' ),
	( 405931085 , 'kprJzM' ),
	( 349175118 , 'PiRtBB' ),
	( 919168990 , 'zMErVTcEd' ),
	( 641394083 , 'PgyMlSYG' ),
	( 599416251 , 'jrYACGzh' ),
	( 220474097 , 'OMUfUZN' ),
	( 892534813 , 'LkpDae' ),
	( 740947711 , 'rzAgZy' ),
	( 360024978 , 'aeeIV' ),
	( 273320932 , 'yXFckFWqh' ),
	( 327980238 , 'CBfJOetc' ),
	( 461214144 , 'bXeUT' ),
	( 677272758 , 'IQZaqKDU' ),
	( 923873438 , 'dhtDuH' ),
	( 957399324 , 'Masjklw' ),
	( 793913668 , 'PfQxEdTsC' ),
	( 107944531 , 'zsyChh' ),
	( 288437011 , 'ThqfOyagd' ),
	( 225133254 , 'BtYmB' ),
	( 293994733 , 'vAibN' ),
	( 946381077 , 'unaJm' ),
	( 300603211 , 'ItBXZZbk' ),
	( 538484325 , 'DmHaWl' ),
	( 599529170 , 'kVJgcLuv' ),
	( 207603041 , 'OippNEbzB' ),
	( 694658538 , 'uqRan' ),
	( 228311529 , 'GlXaiIPO' ),
	( 147666143 , 'UEhWCWGxP' ),
	( 492616116 , 'WwiclHJuE' ),
	( 458809830 , 'AbmfYjj' ),
	( 298443587 , 'ZLfdlZJ' ),
	( 260860861 , 'CApMWQ' ),
	( 256421768 , 'mDFsI' ),
	( 651004030 , 'tvOhL' ),
	( 559439141 , 'MnMPBefIZ' ),
	( 208675463 , 'geOHqSqMD' ),
	( 646563538 , 'ouqWAUZr' ),
	( 885795881 , 'dDaumRgBD' ),
	( 858135845 , 'kzHwpz' ),
	( 990962918 , 'iyzeq' ),
	( 231851439 , 'NUSnPO' ),
	( 227711057 , 'NaWSjQBP' ),
	( 992940884 , 'tQolRRhXh' ),
	( 765998164 , 'oQJvrPf' ),
	( 764907871 , 'wQTqsXc' ),
	( 115858879 , 'MTbhTVx' ),
	( 449134955 , 'AnkranC' ),
	( 602427370 , 'nrjLIzoSf' ),
	( 232714380 , 'FjfVECq' ),
	( 467186111 , 'OZKRBk' ),
	( 245224264 , 'YlfoySi' ),
	( 669915042 , 'kIXwh' ),
	( 848589526 , 'NQmqsBdnV' ),
	( 240169948 , 'arXnh' ),
	( 360640924 , 'WLlaYMNZq' ),
	( 876199548 , 'vnKHD' ),
	( 830332242 , 'aOdgTGhUf' ),
	( 414972875 , 'nFpgWT' ),
	( 412254108 , 'BJUsChwj' ),
	( 972548452 , 'NtMlEDl' ),
	( 804075802 , 'BNDqVTyRq' ),
	( 471110724 , 'bPohy' ),
	( 504402589 , 'NsoGhT' ),
	( 669324060 , 'WJhxXV' ),
	( 855272522 , 'rtWtxiF' ),
	( 906936074 , 'MKUCGvk' ),
	( 184958604 , 'DfNzI' ),
	( 724081024 , 'ZlKtuu' ),
	( 373984787 , 'XyjReqnHN' ),
	( 108987094 , 'IugSHghj' ),
	( 959522287 , 'mIuPb' ),
	( 139126834 , 'fnXRbe' ),
	( 314629401 , 'YahCO' ),
	( 532556476 , 'BwSppGp' ),
	( 947248033 , 'YSPaCNk' ),
	( 926830060 , 'XOmYYSaCV' ),
	( 114704399 , 'KTfKa' ),
	( 989597060 , 'gMOSoCz' ),
	( 486902654 , 'VYNDCpoI' ),
	( 310120518 , 'Hnyer' ),
	( 167654447 , 'wpmMmtzG' ),
	( 405768070 , 'AvguQlOXS' ),
	( 863940410 , 'LOfoYbW' ),
	( 251311967 , 'lFdMTwM' ),
	( 833137869 , 'YQpKbi' ),
	( 612503423 , 'qGnMNTqF' ),
	( 849999190 , 'DTUegx' ),
	( 940185721 , 'NdPFItP' ),
	( 678842137 , 'SerRl' ),
	( 584868075 , 'xnpOSyUi' ),
	( 717660899 , 'zFYbtu' ),
	( 294757926 , 'HveOjmwEn' ),
	( 518027495 , 'MNNLjTti' ),
	( 335127112 , 'FbQJYRSn' ),
	( 625757082 , 'NgQAW' ),
	( 648283563 , 'RQfRALI' ),
	( 700379086 , 'yDQgJj' ),
	( 328101464 , 'gjarv' ),
	( 605741175 , 'CUHEYet' ),
	( 913773172 , 'nwgHqS' ),
	( 728420889 , 'YprnULn' ),
	( 949448616 , 'LfVYcGYg' ),
	( 923900864 , 'vSzljy' ),
	( 636793588 , 'OUHsxczU' ),
	( 537755199 , 'lpVSQQ' ),
	( 906364024 , 'AdESPcj' ),
	( 445364634 , 'SSZmCTyc' ),
	( 869813455 , 'vCovBAt' ),
	( 470379999 , 'MVasKh' ),
	( 781326714 , 'INScPf' ),
	( 714809372 , 'yNVNFc' ),
	( 400462676 , 'yFKEgmsK' ),
	( 940634638 , 'CAJbRUmsM' ),
	( 210300419 , 'yCZUbFpnd' ),
	( 835434197 , 'jUGlapIAo' ),
	( 813492429 , 'ldLHJo' ),
	( 731491410 , 'BZasoFPc' ),
	( 975495588 , 'eMoWwOsDb' ),
	( 377084817 , 'fjqHnveKE' ),
	( 462724125 , 'sKDxruZ' ),
	( 398321947 , 'ywGBgMhMW' ),
	( 838170207 , 'PYbbDeN' ),
	( 801287649 , 'NjXuhHbo' ),
	( 938035084 , 'vSejmUgV' ),
	( 855981959 , 'yasVtrOW' ),
	( 372962953 , 'eLYtJDX' ),
	( 180815235 , 'IobzQSdOL' ),
	( 413607664 , 'ydaWwnql' ),
	( 493135379 , 'CQRZk' ),
	( 651388918 , 'KQXoyfaYS' ),
	( 192453731 , 'aOBhdzHH' ),
	( 886727439 , 'caWemUESv' ),
	( 261741825 , 'dqPORSXEh' ),
	( 737373933 , 'KyHrWzNd' ),
	( 660850263 , 'kFGkvoPnb' ),
	( 322986540 , 'tQBalv' ),
	( 629075317 , 'VsvaSDA' ),
	( 226954179 , 'PcFHs' ),
	( 784213003 , 'zugVZ' ),
	( 440005787 , 'xLlBsX' ),
	( 538511677 , 'iuHbwP' ),
	( 565979976 , 'WJQnAE' ),
	( 871346804 , 'FBDKQN' ),
	( 429665339 , 'taxpPZG' ),
	( 488297601 , 'jJZbjO' ),
	( 651669600 , 'hHAmtufT' ),
	( 247595085 , 'IvGyemIs' ),
	( 400529258 , 'vHMBX' ),
	( 892807396 , 'aIwlSK' ),
	( 253732087 , 'lSTWoq' ),
	( 711721867 , 'RFAGl' ),
	( 699106869 , 'MLqhJfWd' ),
	( 144170815 , 'uZXaYQ' ),
	( 829223362 , 'YLctiPF' ),
	( 922634921 , 'TdPmS' ),
	( 851949420 , 'BgSiIFk' ),
	( 954713602 , 'ZnbAhIUpp' ),
	( 943718781 , 'AJTAiUgz' ),
	( 462940330 , 'eDiWpZJ' ),
	( 326374012 , 'wCOmo' ),
	( 145306416 , 'LNDzqdDCE' ),
	( 270575781 , 'QqpIGtLW' ),
	( 911093534 , 'hEZgI' ),
	( 163966353 , 'tNaPya' ),
	( 976082843 , 'BDGue' ),
	( 428574340 , 'wiVRdxebI' ),
	( 703175751 , 'wkWat' ),
	( 206695327 , 'hWhIT' ),
	( 247512982 , 'mLTWQ' ),
	( 839696736 , 'TLUvpVTl' ),
	( 668011595 , 'ymuTSzkt' ),
	( 532391868 , 'PawKg' ),
	( 526444965 , 'mNdyB' ),
	( 945635246 , 'iARjTW' ),
	( 271691822 , 'mngBTLRM' ),
	( 523446988 , 'ljvVaY' ),
	( 330555883 , 'sLYYy' ),
	( 332674084 , 'ZTjSAzSXG' ),
	( 867415752 , 'AySXyxc' ),
	( 705956828 , 'DfMKuWSV' ),
	( 637864427 , 'tHUupclo' ),
	( 946432025 , 'YMiTwzn' ),
	( 206326832 , 'QEqDY' ),
	( 522312618 , 'ExTyuej' ),
	( 628495245 , 'yWCbVmEFy' ),
	( 944325585 , 'eAqUh' ),
	( 794862576 , 'jGCjXjLe' ),
	( 321019957 , 'Ajozp' ),
	( 570307898 , 'VRvLbtCCE' ),
	( 898871518 , 'MkduFG' ),
	( 855446850 , 'iwggtMGvP' ),
	( 430624627 , 'KRmMiZM' ),
	( 278209356 , 'xeHLekxu' ),
	( 888840879 , 'tbgkkstmm' ),
	( 913423205 , 'hufnSEjON' ),
	( 434612393 , 'CVOPnPe' ),
	( 351123200 , 'bBwoYCQay' ),
	( 146054491 , 'cMZnFerE' ),
	( 369893236 , 'DSwPdxro' ),
	( 757470306 , 'bPsVo' ),
	( 790114315 , 'BTarjpqbQ' ),
	( 722347260 , 'eInDJP' ),
	( 304089624 , 'sDXytCwA' ),
	( 790489994 , 'tClVt' ),
	( 792345091 , 'yfKVOH' ),
	( 506679266 , 'KjFVqTpa' ),
	( 895740709 , 'kAlUmbOcG' ),
	( 911814928 , 'fXrkUgRBP' ),
	( 291285178 , 'XgNAUnJ' ),
	( 151698203 , 'mWyQXqty' ),
	( 700571956 , 'zVGIjfDyL' ),
	( 432049966 , 'QgvnSVe' ),
	( 741773710 , 'tBCJPOrZ' ),
	( 306998083 , 'aGsgnj' ),
	( 368320563 , 'ZlFanPCTr' ),
	( 334803000 , 'nZMAgrBX' ),
	( 582010242 , 'XEgiUzj' ),
	( 487520768 , 'LAIfIYV' ),
	( 670051390 , 'XyuLX' ),
	( 695569875 , 'qsfPlvwz' ),
	( 949852843 , 'tWAkrO' ),
	( 548220364 , 'UKsiMi' ),
	( 529576843 , 'tHWjMLnAM' ),
	( 811235757 , 'kvrfHTCfl' ),
	( 185762149 , 'TLNsQV' ),
	( 228593873 , 'NMWbynON' ),
	( 902094745 , 'QbwxXozMI' ),
	( 551626761 , 'NysNfxB' ),
	( 376597226 , 'wddePXe' ),
	( 703716494 , 'YTQJnauiq' ),
	( 261143740 , 'ZlBED' ),
	( 261879451 , 'muSELk' ),
	( 527063381 , 'flwoLOqU' ),
	( 974809397 , 'BPjAt' ),
	( 878118821 , 'tWbLFVP' ),
	( 637522314 , 'ajIqQHwfi' ),
	( 302839518 , 'LfoaIvz' ),
	( 307796646 , 'DfsYMsw' ),
	( 943271599 , 'dqaxQr' ),
	( 372032453 , 'RYUyvotZF' ),
	( 642718402 , 'riYpeZxzr' ),
	( 661428943 , 'zBXvDD' ),
	( 690355723 , 'vWIaZgN' ),
	( 977788175 , 'lgvqCY' ),
	( 938208148 , 'JFlhXdC' ),
	( 252177876 , 'AxSJu' ),
	( 649648705 , 'YQXophc' ),
	( 960174112 , 'SDtMAfXZ' ),
	( 179229012 , 'aQVKQCguK' ),
	( 642404156 , 'owXLBjHW' ),
	( 519663944 , 'nFrRIGi' ),
	( 264859551 , 'WAjTfUu' ),
	( 117345551 , 'skwOg' ),
	( 641267419 , 'mKLlk' ),
	( 659659436 , 'RwVjx' ),
	( 350959095 , 'KeyeogsAm' ),
	( 423465570 , 'YMcqpuzK' ),
	( 411064758 , 'OCnPOiJt' ),
	( 630693958 , 'QAtDUseju' ),
	( 648318728 , 'deOxL' ),
	( 460453409 , 'cHjQynD' ),
	( 828270704 , 'dkUzf' ),
	( 155226010 , 'wrjwOfqf' ),
	( 627817794 , 'HDGqEkUSN' ),
	( 776480711 , 'LNjTPE' ),
	( 770209375 , 'wxhmpyKUm' ),
	( 754042293 , 'GjrQFP' ),
	( 815871849 , 'UgBVEaN' ),
	( 104973698 , 'Itqrs' ),
	( 379364690 , 'KzmDz' ),
	( 598368667 , 'EqHgblAY' ),
	( 569937308 , 'YdRSAf' ),
	( 641727806 , 'oEWsuc' ),
	( 377220724 , 'ehtHLL' ),
	( 632798957 , 'qFoGNZz' ),
	( 127897808 , 'ctDpi' ),
	( 343983650 , 'FrKJRIiu' ),
	( 776582708 , 'ikqkD' ),
	( 419355335 , 'nnwTpnQ' ),
	( 788732104 , 'dKZsK' ),
	( 599719215 , 'tXfOTXKL' ),
	( 791829920 , 'NeHlzF' ),
	( 654345238 , 'mVTUKgrl' ),
	( 880378938 , 'qaOOYz' ),
	( 739554253 , 'QeLMoxV' ),
	( 906570434 , 'nnMVVbjE' ),
	( 197654247 , 'IGflYBtNO' ),
	( 409632787 , 'VoWkBXV' ),
	( 301276838 , 'SFKsuJ' ),
	( 108377096 , 'wNFCGacZ' ),
	( 139947258 , 'ZuXKAS' ),
	( 715194292 , 'VxpbKcKCf' ),
	( 753788377 , 'bRdhBvC' ),
	( 392722345 , 'CvWXwhC' ),
	( 320468244 , 'yYJlie' ),
	( 815909184 , 'MRhUlvPTP' ),
	( 540575927 , 'bpwroMkQE' ),
	( 915239113 , 'dyaey' ),
	( 277767440 , 'FEYcQX' ),
	( 935753387 , 'WJSzy' ),
	( 344173090 , 'zZyqTyG' ),
	( 721562583 , 'wZtAR' ),
	( 584553765 , 'MzfMTc' ),
	( 119627661 , 'qkFCLfP' ),
	( 843456384 , 'VIeDiTw' ),
	( 526444092 , 'NQuFhIJR' ),
	( 264100165 , 'IImKenZY' ),
	( 208013147 , 'EGLiG' ),
	( 118809809 , 'ARkgvf' ),
	( 352444676 , 'IVHlibS' ),
	( 420274703 , 'DnhSnh' ),
	( 368794373 , 'pMBgcydgn' ),
	( 589405208 , 'qAHJyFmU' ),
	( 714282049 , 'FUSFuHXo' );

INSERT INTO produto
VALUES
	( 7044899036648 , 'categoria: Doces fornecedor: kVJgcLuv' , 'Doces' , 599529170 , '2017/11/16' ),
	( 7025805330706 , 'categoria: Iogurtes fornecedor: maBMa' , 'Iogurtes' , 800139743 , '2012/4/27' ),
	( 4187990107883 , 'categoria: Malas fornecedor: ywGBgMhMW' , 'Malas' , 398321947 , '2011/1/16' ),
	( 3833928454644 , 'categoria: Iogurtes fornecedor: eAqUh' , 'Iogurtes' , 944325585 , '2015/5/15' ),
	( 1325534965808 , 'categoria: Cereais fornecedor: CApMWQ' , 'Cereais' , 260860861 , '2012/4/5' ),
	( 2501917817860 , 'categoria: Bolachas fornecedor: XgNAUnJ' , 'Bolachas' , 291285178 , '2015/1/8' ),
	( 8089410001987 , 'categoria: Malas fornecedor: zMErVTcEd' , 'Malas' , 919168990 , '2012/4/9' ),
	( 1426021679297 , 'categoria: C/Gas fornecedor: wpmMmtzG' , 'C/Gas' , 167654447 , '2013/1/12' ),
	( 2792337566530 , 'categoria: Lacticinios fornecedor: MnMPBefIZ' , 'Lacticinios' , 559439141 , '2010/1/14' ),
	( 4105720508473 , 'categoria: Malas fornecedor: SFKsuJ' , 'Malas' , 301276838 , '2015/7/28' ),
	( 8042059101173 , 'categoria: Sumos fornecedor: KNCtb' , 'Sumos' , 891881563 , '2014/8/27' ),
	( 4561828220465 , 'categoria: Chocolates fornecedor: aYVjMKunQ' , 'Chocolates' , 367044292 , '2014/10/7' ),
	( 1852547688377 , 'categoria: Chocolates fornecedor: iuHbwP' , 'Chocolates' , 538511677 , '2011/3/16' ),
	( 9809237100900 , 'categoria: Doces fornecedor: MLqhJfWd' , 'Doces' , 699106869 , '2012/9/3' ),
	( 1049212075262 , 'categoria: Peixe fornecedor: bAHcPD' , 'Peixe' , 486428900 , '2012/11/4' ),
	( 7303085620493 , 'categoria: Calcas fornecedor: arXnh' , 'Calcas' , 240169948 , '2012/7/25' ),
	( 9589540395385 , 'categoria: Pre-feitos fornecedor: wddePXe' , 'Pre-feitos' , 376597226 , '2016/11/11' ),
	( 7663868266696 , 'categoria: Congelados fornecedor: YSPaCNk' , 'Congelados' , 947248033 , '2011/7/13' ),
	( 9128345837215 , 'categoria: Lacticinios fornecedor: bpwroMkQE' , 'Lacticinios' , 540575927 , '2017/10/6' ),
	( 4608687078274 , 'categoria: T-Shirts fornecedor: yCZUbFpnd' , 'T-Shirts' , 210300419 , '2017/8/3' ),
	( 5462224772320 , 'categoria: Malas fornecedor: LTrTFBGR' , 'Malas' , 744637719 , '2011/5/23' ),
	( 8203923906168 , 'categoria: Mochilas fornecedor: MTbhTVx' , 'Mochilas' , 115858879 , '2010/3/7' ),
	( 4191580090200 , 'categoria: Refrigerantes fornecedor: MkduFG' , 'Refrigerantes' , 898871518 , '2010/9/26' ),
	( 7251396149218 , 'categoria: Fruta fornecedor: OUhcZhc' , 'Fruta' , 192838530 , '2013/4/27' ),
	( 5287713523446 , 'categoria: Sumos fornecedor: hWhIT' , 'Sumos' , 206695327 , '2015/4/19' ),
	( 1473750746421 , 'categoria: Alcoolicas fornecedor: ZYmhlqo' , 'Alcoolicas' , 659146521 , '2016/1/23' ),
	( 5882628987454 , 'categoria: S/Gas fornecedor: aYVjMKunQ' , 'S/Gas' , 367044292 , '2015/9/19' ),
	( 5473411754576 , 'categoria: Gelados fornecedor: ctDpi' , 'Gelados' , 127897808 , '2012/2/19' ),
	( 3236900760476 , 'categoria: Bebidas fornecedor: xrxUQg' , 'Bebidas' , 121637124 , '2014/3/5' ),
	( 8420138194391 , 'categoria: Bebidas fornecedor: FqGpkgS' , 'Bebidas' , 245069628 , '2017/5/20' ),
	( 5842796196383 , 'categoria: Legumes fornecedor: BJUsChwj' , 'Legumes' , 412254108 , '2012/2/8' ),
	( 6072810181139 , 'categoria: Iogurtes fornecedor: BGnwwhPm' , 'Iogurtes' , 971740454 , '2012/3/9' ),
	( 8305374664790 , 'categoria: Mochilas fornecedor: KNwEPar' , 'Mochilas' , 329860165 , '2016/7/6' ),
	( 4219142807296 , 'categoria: Bolachas fornecedor: skwOg' , 'Bolachas' , 117345551 , '2017/3/26' ),
	( 8105347114533 , 'categoria: Malas fornecedor: Itqrs' , 'Malas' , 104973698 , '2011/10/21' ),
	( 3018716117515 , 'categoria: Cereais fornecedor: Bxncz' , 'Cereais' , 229517286 , '2013/12/26' ),
	( 6220837977406 , 'categoria: Sobremesas fornecedor: uvuXKqev' , 'Sobremesas' , 599283434 , '2011/11/21' ),
	( 5508618941103 , 'categoria: Bolachas fornecedor: KzmDz' , 'Bolachas' , 379364690 , '2010/7/24' ),
	( 8745402306328 , 'categoria: Vestuario fornecedor: qFoGNZz' , 'Vestuario' , 632798957 , '2010/3/10' ),
	( 9572907611868 , 'categoria: Bolachas fornecedor: bAHcPD' , 'Bolachas' , 486428900 , '2015/8/1' ),
	( 3903638907597 , 'categoria: Malas fornecedor: VoWkBXV' , 'Malas' , 409632787 , '2015/4/15' ),
	( 4537412297606 , 'categoria: Bolachas fornecedor: WFNVFA' , 'Bolachas' , 501694891 , '2014/7/26' ),
	( 9224022130499 , 'categoria: Sobremesas fornecedor: PiRtBB' , 'Sobremesas' , 349175118 , '2012/9/23' ),
	( 2220234716232 , 'categoria: Malas fornecedor: CAJbRUmsM' , 'Malas' , 940634638 , '2013/8/20' ),
	( 9373813217519 , 'categoria: Calcas fornecedor: vnKHD' , 'Calcas' , 876199548 , '2017/12/19' ),
	( 2913949392957 , 'categoria: Peixe fornecedor: LpDlG' , 'Peixe' , 417933005 , '2014/6/19' ),
	( 3532161246227 , 'categoria: T-Shirts fornecedor: bXeUT' , 'T-Shirts' , 461214144 , '2016/8/10' ),
	( 7095612425571 , 'categoria: Sobremesas fornecedor: lgvqCY' , 'Sobremesas' , 977788175 , '2017/8/19' ),
	( 7930026584041 , 'categoria: Lacticinios fornecedor: kprJzM' , 'Lacticinios' , 405931085 , '2013/9/28' ),
	( 6924594465058 , 'categoria: Iogurtes fornecedor: IQZaqKDU' , 'Iogurtes' , 677272758 , '2010/8/22' ),
	( 7316453355633 , 'categoria: Mochilas fornecedor: BpvzXot' , 'Mochilas' , 390534419 , '2012/7/4' ),
	( 1692337642019 , 'categoria: Pre-feitos fornecedor: NUSnPO' , 'Pre-feitos' , 231851439 , '2010/3/20' ),
	( 2606385860141 , 'categoria: Fruta fornecedor: GlXaiIPO' , 'Fruta' , 228311529 , '2011/11/26' ),
	( 1286202476674 , 'categoria: Cereais fornecedor: tBCJPOrZ' , 'Cereais' , 741773710 , '2016/2/2' ),
	( 2830090679473 , 'categoria: T-Shirts fornecedor: TLNsQV' , 'T-Shirts' , 185762149 , '2014/6/4' ),
	( 2572036269998 , 'categoria: Cereais fornecedor: ThqfOyagd' , 'Cereais' , 288437011 , '2012/12/14' ),
	( 7429847886418 , 'categoria: T-Shirts fornecedor: QqpIGtLW' , 'T-Shirts' , 270575781 , '2017/9/27' ),
	( 3923783028530 , 'categoria: T-Shirts fornecedor: pVWaT' , 'T-Shirts' , 412249514 , '2017/3/23' ),
	( 5587263545034 , 'categoria: T-Shirts fornecedor: FUIUh' , 'T-Shirts' , 290954077 , '2013/3/10' ),
	( 5303876718499 , 'categoria: Calcas fornecedor: PiRtBB' , 'Calcas' , 349175118 , '2014/9/23' ),
	( 5272541857798 , 'categoria: Frescos fornecedor: flwoLOqU' , 'Frescos' , 527063381 , '2015/11/10' ),
	( 6457341765624 , 'categoria: Chocolates fornecedor: yFKEgmsK' , 'Chocolates' , 400462676 , '2016/6/2' ),
	( 8318894672433 , 'categoria: Sumos fornecedor: lgvqCY' , 'Sumos' , 977788175 , '2013/4/4' ),
	( 9024961388715 , 'categoria: Pre-feitos fornecedor: VoWkBXV' , 'Pre-feitos' , 409632787 , '2016/7/11' ),
	( 8457154925899 , 'categoria: Refrigerantes fornecedor: PcFHs' , 'Refrigerantes' , 226954179 , '2011/7/2' ),
	( 2004481631314 , 'categoria: Malas fornecedor: eMBYR' , 'Malas' , 851627696 , '2010/7/8' ),
	( 4961551040635 , 'categoria: Gelados fornecedor: NQmqsBdnV' , 'Gelados' , 848589526 , '2016/10/27' ),
	( 8472639581266 , 'categoria: Gelados fornecedor: pCkdR' , 'Gelados' , 484127585 , '2016/8/4' ),
	( 4928543885083 , 'categoria: Peixe fornecedor: AxSJu' , 'Peixe' , 252177876 , '2010/6/18' ),
	( 8782702934499 , 'categoria: Vestuario fornecedor: zBXvDD' , 'Vestuario' , 661428943 , '2010/12/21' ),
	( 6070473596512 , 'categoria: Agua fornecedor: rQNhyeY' , 'Agua' , 592079305 , '2012/3/18' ),
	( 4951285837068 , 'categoria: Fruta fornecedor: rtWtxiF' , 'Fruta' , 855272522 , '2013/9/21' ),
	( 1759687898522 , 'categoria: Iogurtes fornecedor: xeHLekxu' , 'Iogurtes' , 278209356 , '2017/12/7' ),
	( 6099464773955 , 'categoria: C/Gas fornecedor: YMiTwzn' , 'C/Gas' , 946432025 , '2010/8/8' ),
	( 9168665436147 , 'categoria: Lacticinios fornecedor: pfyfG' , 'Lacticinios' , 133381982 , '2016/1/25' ),
	( 2231835034865 , 'categoria: Alcoolicas fornecedor: xnpOSyUi' , 'Alcoolicas' , 584868075 , '2015/5/9' ),
	( 9656633169373 , 'categoria: T-Shirts fornecedor: WLlaYMNZq' , 'T-Shirts' , 360640924 , '2013/3/17' ),
	( 5530125759257 , 'categoria: Cereais fornecedor: BDGue' , 'Cereais' , 976082843 , '2011/9/21' ),
	( 5459405433881 , 'categoria: Bolachas fornecedor: WLlaYMNZq' , 'Bolachas' , 360640924 , '2017/8/23' ),
	( 2976877351985 , 'categoria: Refrigerantes fornecedor: lSTWoq' , 'Refrigerantes' , 253732087 , '2015/12/1' ),
	( 8443081788222 , 'categoria: Carne fornecedor: VRvLbtCCE' , 'Carne' , 570307898 , '2015/3/25' ),
	( 5179157209861 , 'categoria: Bolachas fornecedor: xQziuTS' , 'Bolachas' , 785414460 , '2015/8/6' ),
	( 5159725826991 , 'categoria: Sumos fornecedor: lOgaChcVF' , 'Sumos' , 186808611 , '2010/1/10' ),
	( 4057910428418 , 'categoria: Calcas fornecedor: ngHsNMM' , 'Calcas' , 773257392 , '2010/4/11' ),
	( 6310751790225 , 'categoria: Alimentos fornecedor: WaRMjEe' , 'Alimentos' , 825543392 , '2011/4/25' ),
	( 8597757620996 , 'categoria: Alcoolicas fornecedor: ptGAZBulu' , 'Alcoolicas' , 762706633 , '2010/2/9' ),
	( 4277253275215 , 'categoria: Iogurtes fornecedor: FbQJYRSn' , 'Iogurtes' , 335127112 , '2011/5/20' ),
	( 5114862927849 , 'categoria: Doces fornecedor: NUSnPO' , 'Doces' , 231851439 , '2015/6/4' ),
	( 3111598618425 , 'categoria: Frescos fornecedor: NWAlgXU' , 'Frescos' , 807175341 , '2017/4/5' ),
	( 8170873869439 , 'categoria: Sapatos fornecedor: NQmqsBdnV' , 'Sapatos' , 848589526 , '2011/3/28' ),
	( 9522955325755 , 'categoria: Sapatos fornecedor: AyARAtu' , 'Sapatos' , 374646439 , '2013/3/2' ),
	( 5109301470386 , 'categoria: Carne fornecedor: BZasoFPc' , 'Carne' , 731491410 , '2010/12/14' ),
	( 1104596801569 , 'categoria: Peixe fornecedor: yDQgJj' , 'Peixe' , 700379086 , '2010/8/26' ),
	( 3090294386619 , 'categoria: Sapatos fornecedor: aQVKQCguK' , 'Sapatos' , 179229012 , '2016/11/13' ),
	( 5769016206427 , 'categoria: Alimentos fornecedor: iWqkWxLQq' , 'Alimentos' , 507909912 , '2014/7/28' ),
	( 1607024346896 , 'categoria: Peixe fornecedor: bPohy' , 'Peixe' , 471110724 , '2017/5/6' ),
	( 2426630788453 , 'categoria: Congelados fornecedor: BTarjpqbQ' , 'Congelados' , 790114315 , '2015/4/18' ),
	( 1120842629029 , 'categoria: Sumos fornecedor: SSZmCTyc' , 'Sumos' , 445364634 , '2015/1/7' ),
	( 5178844497087 , 'categoria: Sumos fornecedor: OBJWN' , 'Sumos' , 175967967 , '2013/2/24' ),
	( 7928715714994 , 'categoria: T-Shirts fornecedor: tHUupclo' , 'T-Shirts' , 637864427 , '2010/3/8' ),
	( 8866770966974 , 'categoria: Pre-feitos fornecedor: vnKHD' , 'Pre-feitos' , 876199548 , '2011/7/7' ),
	( 3789838741994 , 'categoria: Peixe fornecedor: udqah' , 'Peixe' , 517560017 , '2011/12/15' ),
	( 8335820595486 , 'categoria: Sapatos fornecedor: aYVjMKunQ' , 'Sapatos' , 367044292 , '2011/7/10' ),
	( 4754967584414 , 'categoria: Calcas fornecedor: gBiflN' , 'Calcas' , 612085843 , '2011/8/5' ),
	( 8987007793076 , 'categoria: Sumos fornecedor: ZlBED' , 'Sumos' , 261143740 , '2010/2/1' ),
	( 3280754174679 , 'categoria: S/Gas fornecedor: PYbbDeN' , 'S/Gas' , 838170207 , '2013/10/18' ),
	( 6397376128050 , 'categoria: Carne fornecedor: ymuTSzkt' , 'Carne' , 668011595 , '2011/11/18' ),
	( 8576328830884 , 'categoria: Chocolates fornecedor: PbeUVGXn' , 'Chocolates' , 670502820 , '2016/4/24' ),
	( 2911340545699 , 'categoria: Doces fornecedor: VsvaSDA' , 'Doces' , 629075317 , '2013/2/10' ),
	( 9118726449960 , 'categoria: Doces fornecedor: NgQAW' , 'Doces' , 625757082 , '2013/6/25' ),
	( 5865275582415 , 'categoria: Sobremesas fornecedor: YQXophc' , 'Sobremesas' , 649648705 , '2011/8/8' ),
	( 6173560252392 , 'categoria: Sobremesas fornecedor: wddePXe' , 'Sobremesas' , 376597226 , '2014/12/6' ),
	( 1751783144794 , 'categoria: Bebidas fornecedor: tbgkkstmm' , 'Bebidas' , 888840879 , '2015/11/14' ),
	( 2127522328813 , 'categoria: Calcas fornecedor: VvxXycMPZ' , 'Calcas' , 112740313 , '2014/3/25' ),
	( 4253720305218 , 'categoria: Doces fornecedor: NysNfxB' , 'Doces' , 551626761 , '2016/8/11' ),
	( 1227474155155 , 'categoria: Malas fornecedor: iyzeq' , 'Malas' , 990962918 , '2013/12/25' ),
	( 3673903430351 , 'categoria: Refrigerantes fornecedor: vSejmUgV' , 'Refrigerantes' , 938035084 , '2012/9/10' ),
	( 7732525605567 , 'categoria: Doces fornecedor: dhtDuH' , 'Doces' , 923873438 , '2015/4/18' ),
	( 7668813850446 , 'categoria: Sumos fornecedor: YprnULn' , 'Sumos' , 728420889 , '2013/2/28' ),
	( 1458398615686 , 'categoria: Chocolates fornecedor: dNtezAYWG' , 'Chocolates' , 897250599 , '2014/10/24' ),
	( 5731210634980 , 'categoria: Gelados fornecedor: aOBhdzHH' , 'Gelados' , 192453731 , '2013/8/16' ),
	( 3791365110687 , 'categoria: Mochilas fornecedor: uZXaYQ' , 'Mochilas' , 144170815 , '2011/9/20' ),
	( 7380675300799 , 'categoria: Lacticinios fornecedor: FjfVECq' , 'Lacticinios' , 232714380 , '2010/1/26' ),
	( 6667738361960 , 'categoria: Refrigerantes fornecedor: rtWtxiF' , 'Refrigerantes' , 855272522 , '2016/11/7' ),
	( 6280029177262 , 'categoria: Malas fornecedor: fXrkUgRBP' , 'Malas' , 911814928 , '2013/3/20' ),
	( 4058649476286 , 'categoria: Sapatos fornecedor: lFdMTwM' , 'Sapatos' , 251311967 , '2013/1/23' ),
	( 7155487856863 , 'categoria: Pre-feitos fornecedor: tEottBVw' , 'Pre-feitos' , 231053781 , '2015/1/28' ),
	( 6695300564659 , 'categoria: Refrigerantes fornecedor: yfKVOH' , 'Refrigerantes' , 792345091 , '2010/9/24' ),
	( 7269005543548 , 'categoria: T-Shirts fornecedor: kvrfHTCfl' , 'T-Shirts' , 811235757 , '2012/10/4' ),
	( 8459667920162 , 'categoria: Carne fornecedor: DPROb' , 'Carne' , 394002184 , '2013/2/5' ),
	( 7222156046892 , 'categoria: Sobremesas fornecedor: VYNDCpoI' , 'Sobremesas' , 486902654 , '2017/10/20' ),
	( 7647417366344 , 'categoria: Agua fornecedor: IVHlibS' , 'Agua' , 352444676 , '2011/9/28' ),
	( 8140966799564 , 'categoria: Gelados fornecedor: nRLcAqX' , 'Gelados' , 471140598 , '2017/10/11' ),
	( 3767931720287 , 'categoria: Sapatos fornecedor: FjfVECq' , 'Sapatos' , 232714380 , '2011/12/12' ),
	( 7022658927027 , 'categoria: Pre-feitos fornecedor: yCZUbFpnd' , 'Pre-feitos' , 210300419 , '2013/10/25' ),
	( 8257521017621 , 'categoria: Refrigerantes fornecedor: UKsiMi' , 'Refrigerantes' , 548220364 , '2014/12/10' ),
	( 5527808675092 , 'categoria: Fruta fornecedor: IImKenZY' , 'Fruta' , 264100165 , '2017/7/20' ),
	( 1556935379281 , 'categoria: Sapatos fornecedor: IugSHghj' , 'Sapatos' , 108987094 , '2015/8/7' ),
	( 2193842565890 , 'categoria: Chocolates fornecedor: CvWXwhC' , 'Chocolates' , 392722345 , '2015/10/15' ),
	( 8210991240270 , 'categoria: Pre-feitos fornecedor: mWyQXqty' , 'Pre-feitos' , 151698203 , '2010/10/23' ),
	( 4973481511048 , 'categoria: Sumos fornecedor: HJjKlu' , 'Sumos' , 622616266 , '2014/10/26' ),
	( 8583459802517 , 'categoria: Calcas fornecedor: GjrQFP' , 'Calcas' , 754042293 , '2011/4/5' ),
	( 8229399420012 , 'categoria: C/Gas fornecedor: piqiYbzap' , 'C/Gas' , 620965245 , '2010/9/28' ),
	( 3847001013779 , 'categoria: Alcoolicas fornecedor: xLlBsX' , 'Alcoolicas' , 440005787 , '2017/6/9' ),
	( 7682764481309 , 'categoria: Peixe fornecedor: MAGpQqJ' , 'Peixe' , 483576274 , '2017/11/18' ),
	( 7941894647161 , 'categoria: Cereais fornecedor: KWTuN' , 'Cereais' , 264921283 , '2015/6/18' ),
	( 9756600275024 , 'categoria: Malas fornecedor: BtYmB' , 'Malas' , 225133254 , '2014/1/13' ),
	( 3318272209244 , 'categoria: Peixe fornecedor: qkFCLfP' , 'Peixe' , 119627661 , '2011/12/10' ),
	( 9125569931038 , 'categoria: Sapatos fornecedor: xzdHBzd' , 'Sapatos' , 483857686 , '2013/6/22' ),
	( 2585609380056 , 'categoria: Refrigerantes fornecedor: IGflYBtNO' , 'Refrigerantes' , 197654247 , '2011/2/9' ),
	( 2162638754345 , 'categoria: Bolachas fornecedor: xzdHBzd' , 'Bolachas' , 483857686 , '2017/10/17' ),
	( 1432429228770 , 'categoria: Refrigerantes fornecedor: kFGkvoPnb' , 'Refrigerantes' , 660850263 , '2013/5/24' ),
	( 5428200842015 , 'categoria: Sapatos fornecedor: MTbhTVx' , 'Sapatos' , 115858879 , '2014/9/22' ),
	( 5724311342112 , 'categoria: Refrigerantes fornecedor: SerRl' , 'Refrigerantes' , 678842137 , '2011/12/6' ),
	( 1787542570907 , 'categoria: Sobremesas fornecedor: DTUegx' , 'Sobremesas' , 849999190 , '2015/4/2' ),
	( 8977398399279 , 'categoria: Iogurtes fornecedor: DmHaWl' , 'Iogurtes' , 538484325 , '2015/3/18' ),
	( 7038606719464 , 'categoria: Sapatos fornecedor: VIeDiTw' , 'Sapatos' , 843456384 , '2013/10/19' ),
	( 7262209837908 , 'categoria: Agua fornecedor: ZnbAhIUpp' , 'Agua' , 954713602 , '2016/4/28' ),
	( 4194409302395 , 'categoria: Frescos fornecedor: dNtezAYWG' , 'Frescos' , 897250599 , '2013/4/3' ),
	( 8379913791544 , 'categoria: Refrigerantes fornecedor: JOTLx' , 'Refrigerantes' , 631100008 , '2010/5/10' ),
	( 9468741275062 , 'categoria: Sumos fornecedor: CUHEYet' , 'Sumos' , 605741175 , '2010/8/9' ),
	( 5437669289800 , 'categoria: Gelados fornecedor: xQziuTS' , 'Gelados' , 785414460 , '2012/3/23' ),
	( 8426843299930 , 'categoria: Sapatos fornecedor: mDFsI' , 'Sapatos' , 256421768 , '2016/7/6' ),
	( 2900454195059 , 'categoria: Fruta fornecedor: pfyfG' , 'Fruta' , 133381982 , '2015/2/5' ),
	( 8850267133340 , 'categoria: Frescos fornecedor: wxhmpyKUm' , 'Frescos' , 770209375 , '2011/2/6' ),
	( 3877282010166 , 'categoria: Sapatos fornecedor: CvWXwhC' , 'Sapatos' , 392722345 , '2016/4/18' ),
	( 8355082426598 , 'categoria: Calcas fornecedor: AyARAtu' , 'Calcas' , 374646439 , '2017/1/28' ),
	( 8249973262010 , 'categoria: Legumes fornecedor: jJZbjO' , 'Legumes' , 488297601 , '2014/7/19' ),
	( 7072037617861 , 'categoria: Mochilas fornecedor: ywGBgMhMW' , 'Mochilas' , 398321947 , '2015/2/19' ),
	( 6479297393609 , 'categoria: Calcas fornecedor: YSPaCNk' , 'Calcas' , 947248033 , '2012/5/27' ),
	( 6350540237844 , 'categoria: Gelados fornecedor: XgNAUnJ' , 'Gelados' , 291285178 , '2014/7/28' ),
	( 1495277479227 , 'categoria: Pre-feitos fornecedor: pMBgcydgn' , 'Pre-feitos' , 368794373 , '2010/6/19' ),
	( 2155566285470 , 'categoria: Sobremesas fornecedor: HveOjmwEn' , 'Sobremesas' , 294757926 , '2010/1/5' ),
	( 8101628580976 , 'categoria: Vestuario fornecedor: sDXytCwA' , 'Vestuario' , 304089624 , '2016/3/11' ),
	( 9404124446347 , 'categoria: Fruta fornecedor: Qgbxv' , 'Fruta' , 871506669 , '2013/7/4' ),
	( 3168576551947 , 'categoria: Fruta fornecedor: wCOmo' , 'Fruta' , 326374012 , '2016/6/9' ),
	( 1937854191777 , 'categoria: Gelados fornecedor: wQTqsXc' , 'Gelados' , 764907871 , '2014/12/1' ),
	( 7798074709361 , 'categoria: Agua fornecedor: RQfRALI' , 'Agua' , 648283563 , '2013/5/4' ),
	( 1930333740351 , 'categoria: Iogurtes fornecedor: jUGlapIAo' , 'Iogurtes' , 835434197 , '2017/2/10' ),
	( 3762429241765 , 'categoria: Malas fornecedor: PYbbDeN' , 'Malas' , 838170207 , '2012/4/28' ),
	( 7039903107591 , 'categoria: Sobremesas fornecedor: YMcqpuzK' , 'Sobremesas' , 423465570 , '2012/5/16' ),
	( 5063887730930 , 'categoria: Sumos fornecedor: XOmYYSaCV' , 'Sumos' , 926830060 , '2017/2/19' ),
	( 2553561772859 , 'categoria: Legumes fornecedor: nFpgWT' , 'Legumes' , 414972875 , '2012/12/4' ),
	( 3039146515052 , 'categoria: Sapatos fornecedor: skwOg' , 'Sapatos' , 117345551 , '2012/5/12' ),
	( 5404121307181 , 'categoria: Sumos fornecedor: NUSnPO' , 'Sumos' , 231851439 , '2011/12/8' ),
	( 4619056329321 , 'categoria: T-Shirts fornecedor: jJZbjO' , 'T-Shirts' , 488297601 , '2014/3/26' ),
	( 5713740411218 , 'categoria: Vestuario fornecedor: OippNEbzB' , 'Vestuario' , 207603041 , '2015/11/21' ),
	( 9642942317805 , 'categoria: Doces fornecedor: iIOUGOyZ' , 'Doces' , 158216981 , '2016/7/13' ),
	( 4982697537829 , 'categoria: Gelados fornecedor: WAjTfUu' , 'Gelados' , 264859551 , '2017/11/18' ),
	( 6613179006511 , 'categoria: Sumos fornecedor: WaRMjEe' , 'Sumos' , 825543392 , '2011/2/3' ),
	( 8735151085639 , 'categoria: Bolachas fornecedor: NHAMyIhPy' , 'Bolachas' , 816722269 , '2015/9/14' ),
	( 5511502602546 , 'categoria: Calcas fornecedor: caWemUESv' , 'Calcas' , 886727439 , '2013/5/24' ),
	( 2182633445152 , 'categoria: Calcas fornecedor: KjFVqTpa' , 'Calcas' , 506679266 , '2016/5/19' ),
	( 2670819926511 , 'categoria: Carne fornecedor: jDwdYVn' , 'Carne' , 956325210 , '2015/8/19' ),
	( 7709768519451 , 'categoria: Fruta fornecedor: DTUegx' , 'Fruta' , 849999190 , '2011/12/21' ),
	( 3697492125220 , 'categoria: Vestuario fornecedor: eMoWwOsDb' , 'Vestuario' , 975495588 , '2016/3/12' ),
	( 8409928082352 , 'categoria: Sapatos fornecedor: nFrRIGi' , 'Sapatos' , 519663944 , '2011/7/16' ),
	( 6222591757259 , 'categoria: Gelados fornecedor: rzAgZy' , 'Gelados' , 740947711 , '2013/4/22' ),
	( 3772569837558 , 'categoria: Legumes fornecedor: OqMlMWGS' , 'Legumes' , 212081952 , '2011/12/7' ),
	( 2996399434212 , 'categoria: Congelados fornecedor: dTVUNy' , 'Congelados' , 749596809 , '2011/8/2' ),
	( 8179373225522 , 'categoria: Gelados fornecedor: oQJvrPf' , 'Gelados' , 765998164 , '2012/1/25' ),
	( 4056371376099 , 'categoria: Alcoolicas fornecedor: neQsXVOAV' , 'Alcoolicas' , 410607717 , '2011/9/13' ),
	( 2056414132219 , 'categoria: Mochilas fornecedor: YLctiPF' , 'Mochilas' , 829223362 , '2012/4/1' ),
	( 5790463815102 , 'categoria: Malas fornecedor: nOKwtdt' , 'Malas' , 573732799 , '2017/3/12' ),
	( 7972010351229 , 'categoria: Sumos fornecedor: wpmMmtzG' , 'Sumos' , 167654447 , '2011/3/16' ),
	( 1491895869795 , 'categoria: Gelados fornecedor: FUSFuHXo' , 'Gelados' , 714282049 , '2012/2/9' ),
	( 1017256593495 , 'categoria: Alimentos fornecedor: sKDxruZ' , 'Alimentos' , 462724125 , '2016/1/20' ),
	( 9470982884278 , 'categoria: Cereais fornecedor: SQIsS' , 'Cereais' , 473048440 , '2017/8/22' ),
	( 2408433811483 , 'categoria: Cereais fornecedor: VvxXycMPZ' , 'Cereais' , 112740313 , '2015/5/5' ),
	( 8674643417715 , 'categoria: Malas fornecedor: BpvzXot' , 'Malas' , 390534419 , '2017/2/19' ),
	( 4490761563376 , 'categoria: Agua fornecedor: tQBalv' , 'Agua' , 322986540 , '2010/8/16' ),
	( 6098929113250 , 'categoria: Refrigerantes fornecedor: DBbhoXS' , 'Refrigerantes' , 477842680 , '2012/8/24' ),
	( 3157203412797 , 'categoria: Peixe fornecedor: LFWnY' , 'Peixe' , 987346399 , '2016/10/25' ),
	( 9497125116119 , 'categoria: Sumos fornecedor: sLYYy' , 'Sumos' , 330555883 , '2011/10/4' ),
	( 8592322899720 , 'categoria: S/Gas fornecedor: cedjV' , 'S/Gas' , 184823610 , '2017/6/11' ),
	( 5877842859861 , 'categoria: Peixe fornecedor: UgBVEaN' , 'Peixe' , 815871849 , '2014/9/7' ),
	( 8427270769873 , 'categoria: Calcas fornecedor: kVJgcLuv' , 'Calcas' , 599529170 , '2011/12/5' ),
	( 5874589994705 , 'categoria: Vestuario fornecedor: owXLBjHW' , 'Vestuario' , 642404156 , '2015/1/22' ),
	( 7168398118199 , 'categoria: Iogurtes fornecedor: wCOmo' , 'Iogurtes' , 326374012 , '2014/11/7' ),
	( 2334180050927 , 'categoria: Legumes fornecedor: RQfRALI' , 'Legumes' , 648283563 , '2010/6/9' ),
	( 2155997837221 , 'categoria: Carne fornecedor: OUhcZhc' , 'Carne' , 192838530 , '2015/11/17' ),
	( 3101539321438 , 'categoria: Malas fornecedor: TTAICQ' , 'Malas' , 439766488 , '2016/12/27' ),
	( 3754049156252 , 'categoria: T-Shirts fornecedor: IobzQSdOL' , 'T-Shirts' , 180815235 , '2010/8/16' ),
	( 7481513950584 , 'categoria: Vestuario fornecedor: jDwdYVn' , 'Vestuario' , 956325210 , '2011/3/28' ),
	( 4779594034272 , 'categoria: Malas fornecedor: DnhSnh' , 'Malas' , 420274703 , '2015/1/1' ),
	( 7184871344017 , 'categoria: Sumos fornecedor: LfVYcGYg' , 'Sumos' , 949448616 , '2011/11/20' ),
	( 8958889153657 , 'categoria: T-Shirts fornecedor: wiVRdxebI' , 'T-Shirts' , 428574340 , '2017/12/1' ),
	( 5309902574787 , 'categoria: Cereais fornecedor: eMoWwOsDb' , 'Cereais' , 975495588 , '2017/7/7' ),
	( 1696047306232 , 'categoria: Sumos fornecedor: hMnVAxjK' , 'Sumos' , 494000206 , '2012/1/21' ),
	( 2366889185218 , 'categoria: Refrigerantes fornecedor: vsYYuSg' , 'Refrigerantes' , 365087238 , '2017/8/26' ),
	( 2272023928818 , 'categoria: Bebidas fornecedor: AxSJu' , 'Bebidas' , 252177876 , '2010/7/6' ),
	( 4470786808996 , 'categoria: Legumes fornecedor: qSxOB' , 'Legumes' , 124824162 , '2013/1/21' ),
	( 2847685876450 , 'categoria: Mochilas fornecedor: qsfPlvwz' , 'Mochilas' , 695569875 , '2011/4/12' ),
	( 2348431115143 , 'categoria: Cereais fornecedor: tcuMzcT' , 'Cereais' , 971932075 , '2015/10/15' ),
	( 1764804313284 , 'categoria: Gelados fornecedor: vHMBX' , 'Gelados' , 400529258 , '2014/3/14' ),
	( 4396362105087 , 'categoria: Legumes fornecedor: tHUupclo' , 'Legumes' , 637864427 , '2010/2/22' ),
	( 2561164476316 , 'categoria: Gelados fornecedor: MHHvGkR' , 'Gelados' , 930765789 , '2013/10/9' ),
	( 8258093652372 , 'categoria: Chocolates fornecedor: wiVRdxebI' , 'Chocolates' , 428574340 , '2017/9/2' ),
	( 2125109620957 , 'categoria: Carne fornecedor: NaWSjQBP' , 'Carne' , 227711057 , '2013/4/2' ),
	( 4139665800283 , 'categoria: Agua fornecedor: PhVnOqW' , 'Agua' , 309688053 , '2010/3/8' ),
	( 7004816661969 , 'categoria: Mochilas fornecedor: ExTyuej' , 'Mochilas' , 522312618 , '2011/4/9' ),
	( 6108988088469 , 'categoria: Sobremesas fornecedor: DnhSnh' , 'Sobremesas' , 420274703 , '2011/8/1' ),
	( 7200007192167 , 'categoria: Legumes fornecedor: LAIfIYV' , 'Legumes' , 487520768 , '2013/11/10' ),
	( 5106855531570 , 'categoria: Iogurtes fornecedor: mNdyB' , 'Iogurtes' , 526444965 , '2012/9/24' ),
	( 3923079917437 , 'categoria: Lacticinios fornecedor: YahCO' , 'Lacticinios' , 314629401 , '2017/12/21' ),
	( 9813924104711 , 'categoria: Sapatos fornecedor: nOKwtdt' , 'Sapatos' , 573732799 , '2016/5/26' ),
	( 6867916675425 , 'categoria: Iogurtes fornecedor: yDQgJj' , 'Iogurtes' , 700379086 , '2017/12/4' ),
	( 4657733917858 , 'categoria: Alcoolicas fornecedor: OMUfUZN' , 'Alcoolicas' , 220474097 , '2015/4/20' ),
	( 2993840195067 , 'categoria: Malas fornecedor: AjHZdgIg' , 'Malas' , 566711784 , '2013/12/22' ),
	( 5806581462851 , 'categoria: Bebidas fornecedor: FBDKQN' , 'Bebidas' , 871346804 , '2017/6/2' ),
	( 8021766881641 , 'categoria: Gelados fornecedor: kzHwpz' , 'Gelados' , 858135845 , '2012/10/9' ),
	( 4964050174220 , 'categoria: Gelados fornecedor: gMOSoCz' , 'Gelados' , 989597060 , '2010/3/13' ),
	( 7620374944221 , 'categoria: Sobremesas fornecedor: DnpERMda' , 'Sobremesas' , 606171817 , '2014/10/5' ),
	( 9221500016491 , 'categoria: Doces fornecedor: KeyeogsAm' , 'Doces' , 350959095 , '2013/9/5' ),
	( 5967413636827 , 'categoria: Sobremesas fornecedor: vSzljy' , 'Sobremesas' , 923900864 , '2016/11/13' ),
	( 1562231791567 , 'categoria: Chocolates fornecedor: lOgaChcVF' , 'Chocolates' , 186808611 , '2012/10/9' ),
	( 9238442495573 , 'categoria: Agua fornecedor: BDGue' , 'Agua' , 976082843 , '2014/4/8' ),
	( 1944649341593 , 'categoria: Agua fornecedor: ymuTSzkt' , 'Agua' , 668011595 , '2017/4/4' ),
	( 4402888279895 , 'categoria: Iogurtes fornecedor: udqah' , 'Iogurtes' , 517560017 , '2015/8/21' ),
	( 7677653906037 , 'categoria: C/Gas fornecedor: ExTyuej' , 'C/Gas' , 522312618 , '2016/5/5' ),
	( 8495732457684 , 'categoria: Frescos fornecedor: EIjMrmXQ' , 'Frescos' , 982093551 , '2016/11/12' ),
	( 9132623902059 , 'categoria: Mochilas fornecedor: yLymfON' , 'Mochilas' , 481026669 , '2014/4/6' ),
	( 2208596035227 , 'categoria: Gelados fornecedor: CAJbRUmsM' , 'Gelados' , 940634638 , '2015/11/8' ),
	( 5791402227125 , 'categoria: Iogurtes fornecedor: rQNhyeY' , 'Iogurtes' , 592079305 , '2013/3/1' ),
	( 8381789133982 , 'categoria: T-Shirts fornecedor: mVTUKgrl' , 'T-Shirts' , 654345238 , '2010/8/6' ),
	( 2567272559889 , 'categoria: Vestuario fornecedor: rtWtxiF' , 'Vestuario' , 855272522 , '2012/5/24' ),
	( 2582809044094 , 'categoria: Bolachas fornecedor: aQVKQCguK' , 'Bolachas' , 179229012 , '2014/6/15' ),
	( 9506338638827 , 'categoria: Legumes fornecedor: ljvVaY' , 'Legumes' , 523446988 , '2015/12/5' ),
	( 1094320172462 , 'categoria: Malas fornecedor: NQmqsBdnV' , 'Malas' , 848589526 , '2016/8/20' ),
	( 9111045428776 , 'categoria: Alimentos fornecedor: EGLiG' , 'Alimentos' , 208013147 , '2012/1/1' ),
	( 2179180415189 , 'categoria: Sumos fornecedor: vsYYuSg' , 'Sumos' , 365087238 , '2010/8/2' ),
	( 5467334958149 , 'categoria: S/Gas fornecedor: kFNrhy' , 'S/Gas' , 266160437 , '2012/8/10' ),
	( 7050625544961 , 'categoria: Alimentos fornecedor: jgKnRM' , 'Alimentos' , 272906266 , '2015/10/25' ),
	( 3299026580219 , 'categoria: Peixe fornecedor: NUYDr' , 'Peixe' , 686789792 , '2014/12/20' ),
	( 5034329161915 , 'categoria: Pre-feitos fornecedor: dqPORSXEh' , 'Pre-feitos' , 261741825 , '2015/3/28' ),
	( 7684803526266 , 'categoria: S/Gas fornecedor: BPjAt' , 'S/Gas' , 974809397 , '2017/6/18' ),
	( 3710195026364 , 'categoria: Cereais fornecedor: lpVSQQ' , 'Cereais' , 537755199 , '2010/5/22' ),
	( 3126552639527 , 'categoria: Carne fornecedor: uZXaYQ' , 'Carne' , 144170815 , '2011/1/24' ),
	( 5665344998505 , 'categoria: Congelados fornecedor: yhUyg' , 'Congelados' , 872621964 , '2014/2/23' ),
	( 1870220685471 , 'categoria: Fruta fornecedor: CAJbRUmsM' , 'Fruta' , 940634638 , '2015/5/12' ),
	( 1908179236051 , 'categoria: Gelados fornecedor: aOBhdzHH' , 'Gelados' , 192453731 , '2011/1/5' ),
	( 4961752274766 , 'categoria: Cereais fornecedor: PiRtBB' , 'Cereais' , 349175118 , '2014/10/4' ),
	( 5197821406320 , 'categoria: Frescos fornecedor: vSzljy' , 'Frescos' , 923900864 , '2013/11/10' ),
	( 9595268159713 , 'categoria: Carne fornecedor: IiXlTeQ' , 'Carne' , 147999556 , '2013/3/8' ),
	( 2029092051357 , 'categoria: Refrigerantes fornecedor: PfQxEdTsC' , 'Refrigerantes' , 793913668 , '2017/11/24' ),
	( 1929152302519 , 'categoria: S/Gas fornecedor: DBbhoXS' , 'S/Gas' , 477842680 , '2017/3/23' ),
	( 3449821889780 , 'categoria: Pre-feitos fornecedor: WJQnAE' , 'Pre-feitos' , 565979976 , '2017/12/16' ),
	( 8920700632815 , 'categoria: Sobremesas fornecedor: QRgYv' , 'Sobremesas' , 875475741 , '2015/10/19' ),
	( 4369336665301 , 'categoria: C/Gas fornecedor: QeLMoxV' , 'C/Gas' , 739554253 , '2012/6/21' ),
	( 1363516383065 , 'categoria: Alimentos fornecedor: DfMKuWSV' , 'Alimentos' , 705956828 , '2014/9/13' ),
	( 7966528703695 , 'categoria: Chocolates fornecedor: sDXytCwA' , 'Chocolates' , 304089624 , '2016/11/28' ),
	( 8109240876777 , 'categoria: Iogurtes fornecedor: tmZeylWX' , 'Iogurtes' , 893760867 , '2015/3/2' ),
	( 4988394811347 , 'categoria: Sumos fornecedor: HoRMTTxM' , 'Sumos' , 409358337 , '2012/8/20' ),
	( 6340531636253 , 'categoria: Malas fornecedor: tWAkrO' , 'Malas' , 949852843 , '2013/3/19' ),
	( 3058259124147 , 'categoria: Calcas fornecedor: SQIsS' , 'Calcas' , 473048440 , '2010/1/26' ),
	( 6957300647638 , 'categoria: Sobremesas fornecedor: wddePXe' , 'Sobremesas' , 376597226 , '2017/8/20' ),
	( 6292904432609 , 'categoria: Fruta fornecedor: HoRMTTxM' , 'Fruta' , 409358337 , '2013/6/24' ),
	( 6444704424076 , 'categoria: T-Shirts fornecedor: SoEKaHiDI' , 'T-Shirts' , 458761572 , '2012/7/8' ),
	( 7851220772762 , 'categoria: C/Gas fornecedor: WJhxXV' , 'C/Gas' , 669324060 , '2017/2/28' ),
	( 9534114489212 , 'categoria: Calcas fornecedor: NUSnPO' , 'Calcas' , 231851439 , '2013/11/9' ),
	( 4249315148287 , 'categoria: Bebidas fornecedor: BMJmMrD' , 'Bebidas' , 329285717 , '2011/4/28' ),
	( 1210361181650 , 'categoria: Bebidas fornecedor: KNwEPar' , 'Bebidas' , 329860165 , '2017/9/2' ),
	( 3847118770476 , 'categoria: Agua fornecedor: yFKEgmsK' , 'Agua' , 400462676 , '2015/3/24' ),
	( 1534811385683 , 'categoria: Agua fornecedor: DnhSnh' , 'Agua' , 420274703 , '2014/11/13' ),
	( 5283989917750 , 'categoria: Mochilas fornecedor: EIjMrmXQ' , 'Mochilas' , 982093551 , '2017/9/12' ),
	( 4731146103910 , 'categoria: Bebidas fornecedor: tcuMzcT' , 'Bebidas' , 971932075 , '2010/9/3' ),
	( 1801719093131 , 'categoria: Peixe fornecedor: hHAmtufT' , 'Peixe' , 651669600 , '2013/6/21' ),
	( 3084150118268 , 'categoria: Iogurtes fornecedor: VsvaSDA' , 'Iogurtes' , 629075317 , '2013/10/14' ),
	( 7288960495153 , 'categoria: Sumos fornecedor: mXqqSgPo' , 'Sumos' , 943840549 , '2010/2/1' ),
	( 8137988740616 , 'categoria: Legumes fornecedor: Hnyer' , 'Legumes' , 310120518 , '2010/11/27' ),
	( 6977268909867 , 'categoria: Peixe fornecedor: kAlUmbOcG' , 'Peixe' , 895740709 , '2011/9/25' ),
	( 9794522443574 , 'categoria: Carne fornecedor: INScPf' , 'Carne' , 781326714 , '2016/7/3' ),
	( 8735323717654 , 'categoria: Alcoolicas fornecedor: KNwEPar' , 'Alcoolicas' , 329860165 , '2012/9/16' ),
	( 1326113366631 , 'categoria: Peixe fornecedor: OWJGuw' , 'Peixe' , 208138754 , '2013/6/18' ),
	( 6819054740910 , 'categoria: Carne fornecedor: bPohy' , 'Carne' , 471110724 , '2016/1/6' ),
	( 1513982226351 , 'categoria: Calcas fornecedor: XUWcG' , 'Calcas' , 596604259 , '2012/9/27' ),
	( 8750348196017 , 'categoria: Mochilas fornecedor: wpmMmtzG' , 'Mochilas' , 167654447 , '2013/10/3' ),
	( 9478329419353 , 'categoria: T-Shirts fornecedor: DnpERMda' , 'T-Shirts' , 606171817 , '2015/6/20' ),
	( 7212839834356 , 'categoria: Alcoolicas fornecedor: cMZnFerE' , 'Alcoolicas' , 146054491 , '2015/11/6' ),
	( 1966628518984 , 'categoria: Sapatos fornecedor: LTrTFBGR' , 'Sapatos' , 744637719 , '2012/7/24' ),
	( 5716974905645 , 'categoria: Gelados fornecedor: OMUfUZN' , 'Gelados' , 220474097 , '2015/4/28' ),
	( 6283586101711 , 'categoria: Gelados fornecedor: RYUyvotZF' , 'Gelados' , 372032453 , '2016/8/27' ),
	( 9249492272847 , 'categoria: Vestuario fornecedor: KNwEPar' , 'Vestuario' , 329860165 , '2010/4/3' ),
	( 4933354260301 , 'categoria: Calcas fornecedor: NdPFItP' , 'Calcas' , 940185721 , '2013/5/11' ),
	( 5002346608705 , 'categoria: Peixe fornecedor: SQIsS' , 'Peixe' , 473048440 , '2016/9/20' ),
	( 9551943320820 , 'categoria: T-Shirts fornecedor: LjIBIHC' , 'T-Shirts' , 737670961 , '2016/2/14' ),
	( 3910214679868 , 'categoria: Gelados fornecedor: BDGue' , 'Gelados' , 976082843 , '2013/12/20' ),
	( 9263067114838 , 'categoria: Peixe fornecedor: SPoOKAP' , 'Peixe' , 404191109 , '2016/4/6' ),
	( 9166052927241 , 'categoria: Mochilas fornecedor: NjXuhHbo' , 'Mochilas' , 801287649 , '2014/11/25' ),
	( 3481656717420 , 'categoria: Iogurtes fornecedor: BPjAt' , 'Iogurtes' , 974809397 , '2016/6/25' ),
	( 9556173046484 , 'categoria: Mochilas fornecedor: arXnh' , 'Mochilas' , 240169948 , '2012/4/17' ),
	( 5609454226357 , 'categoria: Sobremesas fornecedor: WAjTfUu' , 'Sobremesas' , 264859551 , '2017/5/4' ),
	( 7869892931401 , 'categoria: Alcoolicas fornecedor: wkWat' , 'Alcoolicas' , 703175751 , '2015/3/19' ),
	( 3406816639172 , 'categoria: Frescos fornecedor: fVmAeYBAE' , 'Frescos' , 896246889 , '2011/2/7' ),
	( 5308519994449 , 'categoria: Agua fornecedor: AyBauCq' , 'Agua' , 963080110 , '2017/7/15' ),
	( 4300590804279 , 'categoria: Iogurtes fornecedor: vSejmUgV' , 'Iogurtes' , 938035084 , '2010/5/17' ),
	( 7318349543411 , 'categoria: Gelados fornecedor: NgQAW' , 'Gelados' , 625757082 , '2014/7/22' ),
	( 5822532499046 , 'categoria: Chocolates fornecedor: MzfMTc' , 'Chocolates' , 584553765 , '2010/2/24' ),
	( 9128862358793 , 'categoria: Lacticinios fornecedor: ifXmJmnR' , 'Lacticinios' , 563282060 , '2016/4/11' ),
	( 7055047645993 , 'categoria: Gelados fornecedor: eMoWwOsDb' , 'Gelados' , 975495588 , '2013/4/4' ),
	( 3499875362683 , 'categoria: Calcas fornecedor: rEaxOL' , 'Calcas' , 800684020 , '2014/9/8' ),
	( 8729067898298 , 'categoria: Alimentos fornecedor: wrjwOfqf' , 'Alimentos' , 155226010 , '2013/1/25' ),
	( 7257669676646 , 'categoria: Peixe fornecedor: kWXolj' , 'Peixe' , 330604174 , '2011/6/13' ),
	( 6950613391230 , 'categoria: Legumes fornecedor: skUajk' , 'Legumes' , 609968596 , '2012/4/8' ),
	( 6749927827659 , 'categoria: Agua fornecedor: FUIUh' , 'Agua' , 290954077 , '2017/10/20' ),
	( 7181346728761 , 'categoria: Congelados fornecedor: pCkdR' , 'Congelados' , 484127585 , '2012/1/17' ),
	( 8531341865942 , 'categoria: T-Shirts fornecedor: rzAgZy' , 'T-Shirts' , 740947711 , '2010/3/16' ),
	( 2098319013053 , 'categoria: Cereais fornecedor: SerRl' , 'Cereais' , 678842137 , '2014/11/5' ),
	( 5815715663178 , 'categoria: Alimentos fornecedor: NsoGhT' , 'Alimentos' , 504402589 , '2017/4/7' ),
	( 6069044638514 , 'categoria: Agua fornecedor: wZtAR' , 'Agua' , 721562583 , '2017/1/12' ),
	( 7687740305259 , 'categoria: T-Shirts fornecedor: bXeUT' , 'T-Shirts' , 461214144 , '2016/7/22' ),
	( 5238616770794 , 'categoria: Bebidas fornecedor: xYsryoEWL' , 'Bebidas' , 423204020 , '2014/10/1' ),
	( 3619177086221 , 'categoria: Fruta fornecedor: wrjwOfqf' , 'Fruta' , 155226010 , '2014/5/18' ),
	( 2092867528678 , 'categoria: Bebidas fornecedor: rEaxOL' , 'Bebidas' , 800684020 , '2014/11/3' ),
	( 5514675956512 , 'categoria: Peixe fornecedor: oEWsuc' , 'Peixe' , 641727806 , '2010/5/3' ),
	( 1226498879556 , 'categoria: Cereais fornecedor: IVHlibS' , 'Cereais' , 352444676 , '2010/5/17' ),
	( 9365095136454 , 'categoria: Carne fornecedor: aIwlSK' , 'Carne' , 892807396 , '2016/6/25' ),
	( 7859796697887 , 'categoria: Calcas fornecedor: kxamH' , 'Calcas' , 339151762 , '2015/9/15' ),
	( 9120821245390 , 'categoria: Bolachas fornecedor: yhUyg' , 'Bolachas' , 872621964 , '2016/9/16' ),
	( 6140407650243 , 'categoria: C/Gas fornecedor: vSzljy' , 'C/Gas' , 923900864 , '2014/3/5' ),
	( 4297983802029 , 'categoria: Vestuario fornecedor: RzToY' , 'Vestuario' , 715664500 , '2014/8/28' ),
	( 6909348066827 , 'categoria: Lacticinios fornecedor: UgBVEaN' , 'Lacticinios' , 815871849 , '2012/4/3' ),
	( 8118383661363 , 'categoria: Sobremesas fornecedor: CkChD' , 'Sobremesas' , 392254990 , '2011/4/27' ),
	( 5950566029078 , 'categoria: Calcas fornecedor: ZLfdlZJ' , 'Calcas' , 298443587 , '2015/5/15' ),
	( 2927901665423 , 'categoria: S/Gas fornecedor: CkChD' , 'S/Gas' , 392254990 , '2010/9/23' ),
	( 5989014398573 , 'categoria: Sapatos fornecedor: ljKodca' , 'Sapatos' , 860721142 , '2014/2/8' ),
	( 1719383838390 , 'categoria: Fruta fornecedor: mWYbut' , 'Fruta' , 501435357 , '2017/9/27' ),
	( 5393775515533 , 'categoria: S/Gas fornecedor: RQfRALI' , 'S/Gas' , 648283563 , '2010/7/15' ),
	( 9119844585961 , 'categoria: Carne fornecedor: dqaxQr' , 'Carne' , 943271599 , '2010/7/23' ),
	( 1585337959937 , 'categoria: Gelados fornecedor: dhtDuH' , 'Gelados' , 923873438 , '2010/12/19' ),
	( 5365656306759 , 'categoria: Sumos fornecedor: XyjReqnHN' , 'Sumos' , 373984787 , '2012/3/2' ),
	( 1693136881009 , 'categoria: Sobremesas fornecedor: ZTjSAzSXG' , 'Sobremesas' , 332674084 , '2014/11/14' ),
	( 3148766876323 , 'categoria: S/Gas fornecedor: OMUfUZN' , 'S/Gas' , 220474097 , '2010/1/7' ),
	( 3205562690684 , 'categoria: Pre-feitos fornecedor: taxpPZG' , 'Pre-feitos' , 429665339 , '2013/2/26' ),
	( 6966546017154 , 'categoria: Cereais fornecedor: BJUsChwj' , 'Cereais' , 412254108 , '2015/1/3' ),
	( 3577928436339 , 'categoria: Congelados fornecedor: kFNrhy' , 'Congelados' , 266160437 , '2013/12/24' ),
	( 5079908323099 , 'categoria: Sobremesas fornecedor: SSZmCTyc' , 'Sobremesas' , 445364634 , '2014/11/10' ),
	( 8477040454426 , 'categoria: Carne fornecedor: qIFZD' , 'Carne' , 733419327 , '2017/5/1' ),
	( 9326153225992 , 'categoria: Peixe fornecedor: cHjQynD' , 'Peixe' , 460453409 , '2010/11/20' ),
	( 7954395735535 , 'categoria: Legumes fornecedor: DjlTubsu' , 'Legumes' , 446692362 , '2013/8/10' ),
	( 6888320126426 , 'categoria: Calcas fornecedor: bPsVo' , 'Calcas' , 757470306 , '2014/4/12' ),
	( 7397444824050 , 'categoria: Refrigerantes fornecedor: UEhWCWGxP' , 'Refrigerantes' , 147666143 , '2014/7/12' ),
	( 7333534536183 , 'categoria: Sapatos fornecedor: dqaxQr' , 'Sapatos' , 943271599 , '2015/10/7' ),
	( 1528803060894 , 'categoria: Mochilas fornecedor: noVWL' , 'Mochilas' , 443168717 , '2016/3/24' ),
	( 2268399693168 , 'categoria: Calcas fornecedor: NUYDr' , 'Calcas' , 686789792 , '2016/6/8' ),
	( 4178718255253 , 'categoria: Bolachas fornecedor: vWIaZgN' , 'Bolachas' , 690355723 , '2017/5/4' ),
	( 7990385863629 , 'categoria: T-Shirts fornecedor: xzdHBzd' , 'T-Shirts' , 483857686 , '2011/11/10' ),
	( 5949121208601 , 'categoria: Carne fornecedor: maBMa' , 'Carne' , 800139743 , '2014/12/9' ),
	( 8111790930112 , 'categoria: Sumos fornecedor: kIXwh' , 'Sumos' , 669915042 , '2016/3/12' ),
	( 1382743254933 , 'categoria: Calcas fornecedor: MKUCGvk' , 'Calcas' , 906936074 , '2011/12/16' ),
	( 6592181708530 , 'categoria: Pre-feitos fornecedor: bpwroMkQE' , 'Pre-feitos' , 540575927 , '2010/7/5' ),
	( 6713485147277 , 'categoria: Bolachas fornecedor: qAHJyFmU' , 'Bolachas' , 589405208 , '2015/3/23' ),
	( 9528679190378 , 'categoria: Chocolates fornecedor: KNCtb' , 'Chocolates' , 891881563 , '2015/10/19' ),
	( 3186643745738 , 'categoria: Vestuario fornecedor: PgyMlSYG' , 'Vestuario' , 641394083 , '2013/1/9' ),
	( 4634150219294 , 'categoria: Calcas fornecedor: rQNhyeY' , 'Calcas' , 592079305 , '2015/11/25' ),
	( 2406560029908 , 'categoria: Fruta fornecedor: ydaWwnql' , 'Fruta' , 413607664 , '2014/9/26' ),
	( 8317027856765 , 'categoria: Vestuario fornecedor: eAqUh' , 'Vestuario' , 944325585 , '2017/10/1' ),
	( 3648491318770 , 'categoria: Alcoolicas fornecedor: HveOjmwEn' , 'Alcoolicas' , 294757926 , '2013/9/20' ),
	( 3395631183275 , 'categoria: Agua fornecedor: ZuXKAS' , 'Agua' , 139947258 , '2013/11/11' ),
	( 1180358330597 , 'categoria: Alcoolicas fornecedor: YQpKbi' , 'Alcoolicas' , 833137869 , '2010/5/27' ),
	( 9236514381880 , 'categoria: Vestuario fornecedor: hfgCTMyJY' , 'Vestuario' , 184837499 , '2016/10/23' ),
	( 4670440500212 , 'categoria: T-Shirts fornecedor: HDBHyAwWf' , 'T-Shirts' , 650368503 , '2010/5/9' ),
	( 1774156079660 , 'categoria: T-Shirts fornecedor: nZMAgrBX' , 'T-Shirts' , 334803000 , '2013/8/13' ),
	( 7012177748664 , 'categoria: Carne fornecedor: MnMPBefIZ' , 'Carne' , 559439141 , '2010/10/13' ),
	( 1269101873120 , 'categoria: Legumes fornecedor: BPjAt' , 'Legumes' , 974809397 , '2010/4/19' ),
	( 9037834276939 , 'categoria: S/Gas fornecedor: zFYbtu' , 'S/Gas' , 717660899 , '2012/3/7' ),
	( 3894543306815 , 'categoria: Bebidas fornecedor: XwIWedc' , 'Bebidas' , 121615984 , '2016/2/16' ),
	( 3680934453132 , 'categoria: Calcas fornecedor: bpwroMkQE' , 'Calcas' , 540575927 , '2011/7/17' ),
	( 5689876833808 , 'categoria: Lacticinios fornecedor: gMQgFAxE' , 'Lacticinios' , 483437395 , '2014/12/24' ),
	( 5914534154874 , 'categoria: Sapatos fornecedor: xUNPiM' , 'Sapatos' , 606537997 , '2013/10/15' ),
	( 1877564433985 , 'categoria: Gelados fornecedor: SQIsS' , 'Gelados' , 473048440 , '2013/10/5' ),
	( 5088481455821 , 'categoria: Chocolates fornecedor: OqMlMWGS' , 'Chocolates' , 212081952 , '2014/2/1' ),
	( 2287645207722 , 'categoria: Malas fornecedor: skwOg' , 'Malas' , 117345551 , '2012/7/24' ),
	( 3619347981896 , 'categoria: Fruta fornecedor: FEYcQX' , 'Fruta' , 277767440 , '2017/11/21' ),
	( 2507922767442 , 'categoria: Calcas fornecedor: ikqkD' , 'Calcas' , 776582708 , '2012/8/14' ),
	( 7919571713974 , 'categoria: Malas fornecedor: mIuPb' , 'Malas' , 959522287 , '2013/5/11' ),
	( 2205822758918 , 'categoria: T-Shirts fornecedor: UKsiMi' , 'T-Shirts' , 548220364 , '2015/8/28' ),
	( 4826929685822 , 'categoria: Pre-feitos fornecedor: wiVRdxebI' , 'Pre-feitos' , 428574340 , '2012/8/19' ),
	( 1867488787080 , 'categoria: Refrigerantes fornecedor: zFYbtu' , 'Refrigerantes' , 717660899 , '2014/12/21' ),
	( 3995617416094 , 'categoria: Calcas fornecedor: cMZnFerE' , 'Calcas' , 146054491 , '2013/4/4' ),
	( 8709109639391 , 'categoria: Pre-feitos fornecedor: tcuMzcT' , 'Pre-feitos' , 971932075 , '2014/5/23' ),
	( 5629713110713 , 'categoria: Iogurtes fornecedor: KzmDz' , 'Iogurtes' , 379364690 , '2013/9/11' ),
	( 7632174856251 , 'categoria: Sobremesas fornecedor: iIOUGOyZ' , 'Sobremesas' , 158216981 , '2015/11/27' ),
	( 4314501309887 , 'categoria: Peixe fornecedor: AnkranC' , 'Peixe' , 449134955 , '2010/2/8' ),
	( 4048819368882 , 'categoria: Congelados fornecedor: YSPaCNk' , 'Congelados' , 947248033 , '2015/5/25' ),
	( 4811240350959 , 'categoria: Calcas fornecedor: rQNhyeY' , 'Calcas' , 592079305 , '2017/3/6' ),
	( 7890158264631 , 'categoria: Vestuario fornecedor: LFWnY' , 'Vestuario' , 987346399 , '2010/7/10' ),
	( 1130761151862 , 'categoria: Legumes fornecedor: piqiYbzap' , 'Legumes' , 620965245 , '2014/12/21' ),
	( 5078339066700 , 'categoria: Peixe fornecedor: DnhSnh' , 'Peixe' , 420274703 , '2011/7/8' ),
	( 1441320469810 , 'categoria: Pre-feitos fornecedor: LTrTFBGR' , 'Pre-feitos' , 744637719 , '2017/2/8' ),
	( 5669389037041 , 'categoria: Agua fornecedor: cHjQynD' , 'Agua' , 460453409 , '2011/6/8' ),
	( 2081405388976 , 'categoria: Chocolates fornecedor: unaJm' , 'Chocolates' , 946381077 , '2010/1/8' ),
	( 2135966722328 , 'categoria: Bolachas fornecedor: lFdMTwM' , 'Bolachas' , 251311967 , '2011/11/4' ),
	( 4109764573699 , 'categoria: T-Shirts fornecedor: vvFKa' , 'T-Shirts' , 117889808 , '2017/7/23' ),
	( 8728572117441 , 'categoria: Agua fornecedor: oEWsuc' , 'Agua' , 641727806 , '2013/7/23' ),
	( 6035936253419 , 'categoria: Mochilas fornecedor: ptGAZBulu' , 'Mochilas' , 762706633 , '2017/7/13' ),
	( 5026430219610 , 'categoria: Calcas fornecedor: OUhcZhc' , 'Calcas' , 192838530 , '2017/7/17' ),
	( 3659541495174 , 'categoria: Doces fornecedor: gMOSoCz' , 'Doces' , 989597060 , '2011/1/13' ),
	( 7904972617050 , 'categoria: Refrigerantes fornecedor: EqHgblAY' , 'Refrigerantes' , 598368667 , '2012/9/9' ),
	( 7843491636104 , 'categoria: S/Gas fornecedor: nwgHqS' , 'S/Gas' , 913773172 , '2017/11/11' ),
	( 4084408562078 , 'categoria: Gelados fornecedor: yFKEgmsK' , 'Gelados' , 400462676 , '2012/10/15' ),
	( 6647660013356 , 'categoria: Calcas fornecedor: LOfoYbW' , 'Calcas' , 863940410 , '2011/7/10' ),
	( 5844184761406 , 'categoria: Bebidas fornecedor: yDQgJj' , 'Bebidas' , 700379086 , '2016/12/11' ),
	( 6265156168707 , 'categoria: Frescos fornecedor: BGnwwhPm' , 'Frescos' , 971740454 , '2015/6/28' ),
	( 4455600029548 , 'categoria: Sobremesas fornecedor: KjFVqTpa' , 'Sobremesas' , 506679266 , '2015/8/15' ),
	( 9208326610423 , 'categoria: Alcoolicas fornecedor: AnkranC' , 'Alcoolicas' , 449134955 , '2016/6/12' ),
	( 2761911130712 , 'categoria: Fruta fornecedor: PgyMlSYG' , 'Fruta' , 641394083 , '2010/10/8' ),
	( 4082801002365 , 'categoria: Cereais fornecedor: vAibN' , 'Cereais' , 293994733 , '2012/7/18' ),
	( 5250329934394 , 'categoria: Mochilas fornecedor: NtMlEDl' , 'Mochilas' , 972548452 , '2014/12/23' ),
	( 2422333218234 , 'categoria: Pre-feitos fornecedor: BJUsChwj' , 'Pre-feitos' , 412254108 , '2017/5/9' ),
	( 5801851310611 , 'categoria: T-Shirts fornecedor: uZXaYQ' , 'T-Shirts' , 144170815 , '2015/6/1' ),
	( 6618741488287 , 'categoria: Congelados fornecedor: YprnULn' , 'Congelados' , 728420889 , '2013/9/16' ),
	( 7666966151067 , 'categoria: Cereais fornecedor: YprnULn' , 'Cereais' , 728420889 , '2010/12/18' ),
	( 2091406654139 , 'categoria: Refrigerantes fornecedor: KDWbbjLpd' , 'Refrigerantes' , 732543972 , '2014/5/26' ),
	( 6821635877700 , 'categoria: Malas fornecedor: ItBXZZbk' , 'Malas' , 300603211 , '2015/11/17' ),
	( 2563349332894 , 'categoria: Cereais fornecedor: jrYACGzh' , 'Cereais' , 599416251 , '2015/11/26' ),
	( 5614591097413 , 'categoria: Refrigerantes fornecedor: JFlhXdC' , 'Refrigerantes' , 938208148 , '2016/4/26' ),
	( 5498288733308 , 'categoria: Bolachas fornecedor: aIwlSK' , 'Bolachas' , 892807396 , '2016/11/18' ),
	( 7116944047002 , 'categoria: Malas fornecedor: AyARAtu' , 'Malas' , 374646439 , '2012/7/13' ),
	( 4447241218160 , 'categoria: Vestuario fornecedor: YlfoySi' , 'Vestuario' , 245224264 , '2014/5/28' ),
	( 6802275182897 , 'categoria: S/Gas fornecedor: MnMPBefIZ' , 'S/Gas' , 559439141 , '2016/11/25' ),
	( 9209086080200 , 'categoria: Cereais fornecedor: qFoGNZz' , 'Cereais' , 632798957 , '2013/1/23' ),
	( 8232085287686 , 'categoria: Bebidas fornecedor: yLymfON' , 'Bebidas' , 481026669 , '2014/4/6' ),
	( 8332062264959 , 'categoria: Fruta fornecedor: CuRhYlA' , 'Fruta' , 684614918 , '2015/8/19' ),
	( 1226010969471 , 'categoria: Sumos fornecedor: juBMDncTZ' , 'Sumos' , 913181858 , '2013/9/6' ),
	( 8985418442466 , 'categoria: T-Shirts fornecedor: ZYmhlqo' , 'T-Shirts' , 659146521 , '2016/12/12' ),
	( 9505407250433 , 'categoria: Refrigerantes fornecedor: yXFckFWqh' , 'Refrigerantes' , 273320932 , '2016/10/15' ),
	( 4225934748840 , 'categoria: Peixe fornecedor: LkpDae' , 'Peixe' , 892534813 , '2011/8/6' ),
	( 9451497854339 , 'categoria: Pre-feitos fornecedor: kzHwpz' , 'Pre-feitos' , 858135845 , '2017/2/1' ),
	( 1118315041385 , 'categoria: Fruta fornecedor: ljvVaY' , 'Fruta' , 523446988 , '2015/10/6' ),
	( 8625974299433 , 'categoria: Bolachas fornecedor: BgSiIFk' , 'Bolachas' , 851949420 , '2012/12/9' ),
	( 2754246148197 , 'categoria: Carne fornecedor: sDXytCwA' , 'Carne' , 304089624 , '2012/10/5' ),
	( 2214058119214 , 'categoria: Doces fornecedor: dqaxQr' , 'Doces' , 943271599 , '2013/5/13' ),
	( 5224560880042 , 'categoria: Frescos fornecedor: dqaxQr' , 'Frescos' , 943271599 , '2010/4/7' ),
	( 9855257084869 , 'categoria: Vestuario fornecedor: hEZgI' , 'Vestuario' , 911093534 , '2013/7/5' ),
	( 1501439995191 , 'categoria: Malas fornecedor: LOfoYbW' , 'Malas' , 863940410 , '2013/6/13' ),
	( 2603130876473 , 'categoria: Sumos fornecedor: smina' , 'Sumos' , 404688077 , '2017/3/6' ),
	( 6202371345335 , 'categoria: Malas fornecedor: NeHlzF' , 'Malas' , 791829920 , '2013/10/21' ),
	( 5064966535551 , 'categoria: Legumes fornecedor: XwIWedc' , 'Legumes' , 121615984 , '2017/11/27' ),
	( 1032600751674 , 'categoria: Refrigerantes fornecedor: wCOmo' , 'Refrigerantes' , 326374012 , '2013/2/15' ),
	( 7461297282527 , 'categoria: Peixe fornecedor: vCovBAt' , 'Peixe' , 869813455 , '2017/2/21' ),
	( 9004913858446 , 'categoria: Alimentos fornecedor: RzToY' , 'Alimentos' , 715664500 , '2017/4/9' ),
	( 2480558541399 , 'categoria: Cereais fornecedor: PcFHs' , 'Cereais' , 226954179 , '2015/7/13' ),
	( 8279031910205 , 'categoria: Peixe fornecedor: QRgYv' , 'Peixe' , 875475741 , '2017/9/11' ),
	( 5016905166299 , 'categoria: Chocolates fornecedor: yLymfON' , 'Chocolates' , 481026669 , '2015/12/15' ),
	( 6891010617864 , 'categoria: Pre-feitos fornecedor: eDiWpZJ' , 'Pre-feitos' , 462940330 , '2011/1/27' ),
	( 3719834118299 , 'categoria: Sapatos fornecedor: IVHlibS' , 'Sapatos' , 352444676 , '2016/8/23' ),
	( 1470981882204 , 'categoria: Mochilas fornecedor: YLctiPF' , 'Mochilas' , 829223362 , '2017/5/21' ),
	( 8596656603748 , 'categoria: S/Gas fornecedor: NBrWWU' , 'S/Gas' , 220006343 , '2014/12/2' ),
	( 7776443782326 , 'categoria: Doces fornecedor: LjIBIHC' , 'Doces' , 737670961 , '2012/1/18' ),
	( 1343138293947 , 'categoria: Calcas fornecedor: BJUsChwj' , 'Calcas' , 412254108 , '2016/2/14' ),
	( 7633160290736 , 'categoria: Peixe fornecedor: uqRan' , 'Peixe' , 694658538 , '2013/1/23' ),
	( 3556450943494 , 'categoria: Pre-feitos fornecedor: DfNzI' , 'Pre-feitos' , 184958604 , '2011/9/25' ),
	( 1660207357607 , 'categoria: Agua fornecedor: nZMAgrBX' , 'Agua' , 334803000 , '2016/11/11' ),
	( 8964952952347 , 'categoria: Chocolates fornecedor: vWIaZgN' , 'Chocolates' , 690355723 , '2016/2/3' ),
	( 7300250026312 , 'categoria: Alcoolicas fornecedor: iuHbwP' , 'Alcoolicas' , 538511677 , '2015/8/16' ),
	( 4774266084294 , 'categoria: Calcas fornecedor: CUHEYet' , 'Calcas' , 605741175 , '2016/2/10' ),
	( 3701381320713 , 'categoria: Pre-feitos fornecedor: skUajk' , 'Pre-feitos' , 609968596 , '2013/10/25' ),
	( 9669119761077 , 'categoria: Peixe fornecedor: bPsVo' , 'Peixe' , 757470306 , '2012/3/8' ),
	( 7460484003224 , 'categoria: C/Gas fornecedor: RhmKE' , 'C/Gas' , 398018370 , '2013/1/1' );

INSERT INTO fornece_sec
VALUES
	( 175967967 , 4619056329321 ),
	( 661428943 , 1130761151862 ),
	( 517560017 , 7222156046892 ),
	( 790114315 , 7990385863629 ),
	( 651388918 , 1513982226351 ),
	( 377084817 , 5283989917750 ),
	( 423204020 , 6072810181139 ),
	( 573732799 , 4187990107883 ),
	( 589405208 , 9669119761077 ),
	( 935753387 , 6891010617864 ),
	( 757470306 , 4178718255253 ),
	( 843456384 , 1343138293947 ),
	( 661221331 , 1852547688377 ),
	( 414486141 , 8987007793076 ),
	( 642718402 , 7890158264631 ),
	( 234202466 , 6099464773955 ),
	( 369893236 , 2268399693168 ),
	( 641727806 , 7116944047002 ),
	( 943718781 , 6950613391230 ),
	( 700571956 , 8317027856765 ),
	( 227711057 , 5309902574787 ),
	( 615776429 , 3168576551947 ),
	( 462724125 , 4731146103910 ),
	( 938035084 , 8137988740616 ),
	( 651669600 , 5609454226357 ),
	( 987346399 , 2976877351985 ),
	( 466607531 , 8257521017621 ),
	( 943271599 , 4048819368882 ),
	( 228593873 , 5088481455821 ),
	( 189476309 , 1937854191777 ),
	( 494000206 , 9522955325755 ),
	( 228311529 , 3157203412797 ),
	( 351123200 , 7333534536183 ),
	( 790489994 , 1382743254933 ),
	( 659146521 , 5769016206427 ),
	( 330555883 , 8118383661363 ),
	( 668011595 , 9365095136454 ),
	( 855981959 , 6977268909867 ),
	( 291285178 , 4634150219294 ),
	( 365087238 , 1049212075262 ),
	( 878118821 , 8709109639391 ),
	( 523446988 , 6909348066827 ),
	( 458761572 , 7095612425571 ),
	( 440528243 , 5530125759257 ),
	( 121615984 , 5587263545034 ),
	( 946381077 , 1017256593495 ),
	( 871506669 , 8170873869439 ),
	( 462940330 , 6749927827659 ),
	( 599416251 , 8735151085639 ),
	( 670502820 , 8105347114533 ),
	( 419355335 , 1226010969471 ),
	( 703175751 , 3619177086221 ),
	( 104973698 , 6821635877700 ),
	( 960174112 , 4109764573699 ),
	( 740947711 , 2670819926511 ),
	( 394002184 , 5731210634980 ),
	( 762706633 , 8457154925899 ),
	( 186808611 , 3673903430351 ),
	( 911814928 , 3186643745738 ),
	( 913181858 , 4219142807296 ),
	( 538484325 , 2408433811483 ),
	( 886727439 , 9478329419353 ),
	( 612085843 , 8335820595486 ),
	( 392722345 , 1032600751674 ),
	( 711721867 , 7318349543411 ),
	( 483437395 , 2792337566530 ),
	( 703716494 , 7919571713974 ),
	( 828270704 , 4082801002365 ),
	( 612503423 , 5467334958149 ),
	( 690355723 , 5078339066700 ),
	( 922634921 , 3499875362683 ),
	( 820862201 , 1556935379281 ),
	( 963080110 , 5114862927849 ),
	( 390534419 , 7732525605567 ),
	( 609968596 , 4961551040635 ),
	( 686789792 , 7668813850446 ),
	( 971932075 , 4561828220465 ),
	( 115858879 , 4470786808996 ),
	( 827793474 , 3280754174679 ),
	( 855272522 , 8021766881641 ),
	( 947248033 , 8495732457684 ),
	( 540166848 , 5287713523446 ),
	( 144170815 , 9128862358793 ),
	( 163944786 , 8745402306328 ),
	( 636793588 , 1363516383065 ),
	( 944325585 , 1693136881009 ),
	( 264859551 , 3659541495174 ),
	( 368794373 , 3701381320713 ),
	( 180815235 , 8735323717654 ),
	( 538511677 , 3910214679868 ),
	( 670051390 , 1269101873120 ),
	( 906570434 , 2754246148197 ),
	( 600779920 , 9125569931038 ),
	( 167654447 , 2582809044094 ),
	( 728420889 , 3449821889780 ),
	( 906364024 , 8109240876777 ),
	( 849999190 , 7050625544961 ),
	( 105342098 , 5303876718499 ),
	( 974809397 , 3995617416094 ),
	( 145306416 , 8531341865942 ),
	( 272906266 , 8379913791544 ),
	( 409632787 , 5224560880042 ),
	( 376597226 , 2507922767442 ),
	( 261741825 , 7212839834356 ),
	( 578524939 , 9373813217519 ),
	( 139126834 , 1944649341593 ),
	( 192453731 , 8750348196017 ),
	( 443168717 , 4253720305218 ),
	( 492616116 , 8592322899720 ),
	( 957399324 , 8179373225522 ),
	( 301276838 , 9855257084869 ),
	( 398018370 , 5842796196383 ),
	( 532556476 , 7677653906037 ),
	( 744216584 , 9468741275062 ),
	( 372962953 , 9794522443574 ),
	( 888840879 , 7954395735535 ),
	( 381632177 , 3767931720287 ),
	( 641394083 , 6613179006511 ),
	( 335127112 , 1870220685471 ),
	( 776582708 , 8332062264959 ),
	( 278209356 , 9326153225992 ),
	( 501435357 , 8101628580976 ),
	( 809789271 , 7647417366344 ),
	( 184823610 , 2220234716232 ),
	( 139947258 , 2603130876473 ),
	( 956325210 , 3903638907597 ),
	( 207603041 , 4490761563376 ),
	( 118809809 , 8964952952347 ),
	( 695569875 , 9037834276939 ),
	( 815909184 , 9004913858446 ),
	( 467186111 , 4396362105087 ),
	( 108987094 , 1562231791567 ),
	( 654703665 , 7072037617861 ),
	( 493135379 , 6819054740910 ),
	( 714809372 , 6292904432609 ),
	( 471110724 , 4657733917858 ),
	( 869813455 , 6340531636253 ),
	( 434612393 , 7397444824050 ),
	( 170724471 , 8229399420012 ),
	( 940185721 , 3299026580219 ),
	( 273320932 , 3697492125220 ),
	( 699106869 , 5822532499046 ),
	( 360640924 , 7004816661969 ),
	( 815871849 , 2091406654139 ),
	( 417933005 , 8420138194391 ),
	( 445364634 , 4988394811347 ),
	( 794862576 , 3148766876323 ),
	( 298516527 , 3039146515052 ),
	( 458809830 , 5877842859861 ),
	( 700379086 , 5197821406320 ),
	( 825118224 , 2606385860141 ),
	( 786086233 , 6924594465058 ),
	( 792345091 , 6592181708530 ),
	( 352444676 , 7300250026312 ),
	( 293994733 , 1491895869795 ),
	( 471140598 , 5437669289800 ),
	( 264921283 , 8426843299930 ),
	( 768448853 , 8305374664790 ),
	( 440005787 , 9551943320820 ),
	( 897250599 , 6070473596512 ),
	( 464629517 , 5178844497087 ),
	( 618351761 , 8089410001987 ),
	( 627817794 , 2422333218234 ),
	( 629075317 , 9249492272847 ),
	( 885795881 , 7481513950584 ),
	( 127897808 , 9209086080200 ),
	( 598368667 , 5614591097413 ),
	( 124540093 , 1104596801569 ),
	( 754842284 , 9572907611868 ),
	( 833137869 , 2179180415189 ),
	( 400529258 , 3406816639172 ),
	( 976082843 , 7687740305259 ),
	( 705956828 , 5989014398573 ),
	( 584868075 , 7684803526266 ),
	( 715194292 , 6202371345335 ),
	( 206695327 , 2092867528678 ),
	( 477842680 , 5527808675092 ),
	( 684614918 , 1227474155155 ),
	( 517501102 , 2830090679473 ),
	( 197654247 , 2214058119214 ),
	( 816722269 , 1759687898522 ),
	( 405768070 , 9506338638827 ),
	( 310120518 , 2567272559889 ),
	( 107944531 , 2056414132219 ),
	( 518027495 , 5665344998505 ),
	( 569937308 , 5498288733308 ),
	( 548220364 , 3680934453132 ),
	( 155226010 , 5250329934394 ),
	( 264100165 , 3556450943494 ),
	( 559439141 , 2155997837221 ),
	( 117345551 , 7904972617050 ),
	( 648283563 , 4961752274766 ),
	( 266160437 , 7269005543548 ),
	( 473048440 , 2572036269998 ),
	( 288437011 , 5790463815102 ),
	( 855851675 , 1495277479227 ),
	( 876199548 , 6108988088469 ),
	( 753788377 , 5064966535551 ),
	( 320468244 , 7461297282527 ),
	( 584553765 , 8596656603748 ),
	( 780829210 , 7941894647161 ),
	( 888777761 , 4951285837068 ),
	( 185762149 , 1877564433985 ),
	( 328101464 , 9595268159713 ),
	( 908031894 , 8355082426598 ),
	( 117889808 , 1426021679297 ),
	( 108377096 , 1501439995191 ),
	( 349175118 , 9642942317805 ),
	( 307796646 , 4314501309887 ),
	( 754042293 , 7666966151067 ),
	( 622672955 , 7251396149218 ),
	( 992940884 , 1696047306232 ),
	( 506679266 , 6713485147277 ),
	( 360024978 , 7709768519451 ),
	( 261879451 , 4826929685822 ),
	( 838170207 , 3084150118268 ),
	( 749596809 , 5109301470386 ),
	( 945635246 , 6140407650243 ),
	( 540575927 , 2480558541399 ),
	( 470379999 , 3058259124147 ),
	( 848589526 , 2125109620957 ),
	( 930765789 , 8459667920162 ),
	( 981805918 , 3789838741994 ),
	( 741773710 , 3395631183275 ),
	( 439766488 , 5724311342112 ),
	( 990962918 , 7184871344017 ),
	( 691521181 , 7155487856863 ),
	( 863940410 , 1094320172462 ),
	( 294757926 , 3126552639527 ),
	( 913423205 , 6888320126426 ),
	( 630693958 , 4455600029548 ),
	( 526444965 , 9120821245390 ),
	( 620965245 , 8576328830884 ),
	( 829223362 , 7055047645993 ),
	( 460453409 , 2761911130712 ),
	( 667744445 , 9168665436147 ),
	( 251311967 , 9111045428776 ),
	( 392254990 , 7303085620493 ),
	( 793913668 , 4056371376099 ),
	( 256421768 , 7168398118199 ),
	( 414972875 , 5106855531570 ),
	( 977788175 , 1441320469810 ),
	( 715664500 , 2553561772859 ),
	( 334803000 , 4670440500212 ),
	( 596604259 , 1325534965808 ),
	( 694658538 , 6098929113250 ),
	( 306998083 , 1180358330597 ),
	( 906936074 , 4964050174220 ),
	( 413607664 , 1326113366631 ),
	( 855446850 , 5079908323099 ),
	( 344173090 , 3719834118299 ),
	( 975495588 , 1534811385683 ),
	( 954713602 , 7257669676646 ),
	( 650368503 , 8249973262010 ),
	( 432594756 , 5508618941103 ),
	( 606171817 , 4537412297606 ),
	( 372944843 , 1458398615686 ),
	( 669324060 , 5806581462851 ),
	( 208138754 , 7038606719464 ),
	( 971740454 , 8866770966974 ),
	( 404191109 , 3111598618425 ),
	( 128259413 , 5063887730930 ),
	( 599719215 , 9505407250433 ),
	( 220006343 , 9024961388715 ),
	( 133381982 , 6310751790225 ),
	( 487520768 , 7012177748664 ),
	( 212081952 , 7316453355633 ),
	( 943840549 , 8210991240270 ),
	( 835434197 , 4249315148287 ),
	( 660850263 , 5716974905645 ),
	( 149913378 , 3923783028530 ),
	( 179229012 , 8728572117441 ),
	( 309688053 , 8472639581266 ),
	( 972548452 , 9813924104711 ),
	( 773257392 , 1930333740351 ),
	( 229517286 , 3090294386619 ),
	( 811235757 , 5914534154874 ),
	( 892534813 , 2182633445152 ),
	( 226954179 , 4933354260301 ),
	( 724081024 , 9221500016491 ),
	( 240169948 , 4139665800283 ),
	( 989597060 , 5791402227125 ),
	( 649648705 , 2135966722328 ),
	( 484127585 , 3318272209244 ),
	( 326374012 , 7181346728761 ),
	( 522312618 , 1585337959937 ),
	( 590558632 , 3833928454644 ),
	( 689235804 , 2162638754345 ),
	( 566711784 , 7682764481309 ),
	( 949852843 , 3894543306815 ),
	( 669915042 , 8258093652372 ),
	( 764907871 , 2272023928818 ),
	( 602427370 , 2348431115143 ),
	( 737373933 , 1966628518984 ),
	( 483857686 , 7022658927027 ),
	( 112740313 , 2231835034865 ),
	( 592079305 , 3762429241765 ),
	( 807175341 , 4754967584414 ),
	( 872621964 , 4194409302395 ),
	( 776480711 , 5801851310611 ),
	( 800684020 , 3532161246227 ),
	( 563282060 , 7044899036648 ),
	( 731491410 , 3847118770476 ),
	( 208675463 , 3101539321438 ),
	( 800894380 , 5459405433881 ),
	( 253732087 , 4300590804279 ),
	( 321019957 , 3205562690684 ),
	( 405931085 , 5713740411218 ),
	( 404688077 , 2127522328813 ),
	( 147999556 , 6173560252392 ),
	( 465969722 , 8318894672433 ),
	( 147666143 , 9497125116119 ),
	( 946432025 , 5393775515533 ),
	( 410607717 , 6695300564659 ),
	( 527063381 , 1867488787080 ),
	( 220474097 , 5511502602546 ),
	( 825543392 , 6350540237844 ),
	( 784213003 , 5002346608705 ),
	( 385806900 , 4105720508473 ),
	( 785414460 , 8850267133340 ),
	( 537823168 , 8782702934499 ),
	( 582010242 , 1774156079660 ),
	( 488297601 , 9556173046484 ),
	( 412254108 , 3923079917437 ),
	( 428574340 , 5238616770794 ),
	( 163966353 , 6069044638514 ),
	( 110512670 , 7025805330706 ),
	( 659659436 , 4084408562078 ),
	( 851627696 , 6479297393609 ),
	( 144842333 , 8042059101173 ),
	( 765998164 , 2366889185218 ),
	( 127407807 , 2585609380056 ),
	( 599283434 , 8140966799564 ),
	( 537755199 , 7966528703695 ),
	( 247595085 , 7869892931401 ),
	( 641267419 , 7843491636104 ),
	( 420274703 , 4774266084294 ),
	( 429665339 , 3481656717420 ),
	( 247512982 , 5514675956512 ),
	( 721562583 , 1470981882204 ),
	( 631100008 , 8443081788222 ),
	( 277767440 , 5016905166299 ),
	( 432049966 , 3648491318770 ),
	( 764534907 , 3236900760476 ),
	( 788732104 , 8985418442466 ),
	( 674829188 , 2911340545699 ),
	( 252177876 , 2081405388976 ),
	( 520713087 , 2426630788453 ),
	( 119627661 , 7776443782326 ),
	( 374646439 , 8597757620996 ),
	( 206326832 , 9119844585961 ),
	( 830332242 , 7200007192167 ),
	( 507909912 , 9224022130499 ),
	( 781326714 , 6957300647638 ),
	( 526444092 , 7633160290736 ),
	( 519663944 , 5026430219610 ),
	( 518365534 , 3877282010166 ),
	( 486902654 , 8381789133982 ),
	( 717660899 , 3710195026364 ),
	( 940634638 , 7851220772762 ),
	( 409358337 , 7262209837908 ),
	( 779597581 , 8583459802517 ),
	( 628495245 , 5365656306759 ),
	( 748052268 , 3791365110687 ),
	( 184837499 , 1432429228770 ),
	( 839696736 , 1226498879556 ),
	( 423465570 , 5844184761406 ),
	( 606537997 , 4057910428418 ),
	( 313720003 , 9589540395385 ),
	( 880378938 , 1118315041385 ),
	( 260860861 , 5874589994705 ),
	( 867415752 , 2927901665423 ),
	( 606874189 , 7380675300799 ),
	( 114704399 , 2208596035227 ),
	( 151698203 , 2406560029908 ),
	( 982093551 , 1120842629029 ),
	( 330604174 , 6667738361960 ),
	( 329860165 , 1787542570907 ),
	( 411064758 , 6265156168707 ),
	( 532391868 , 7859796697887 ),
	( 919168990 , 4982697537829 ),
	( 722347260 , 5949121208601 ),
	( 551626761 , 3619347981896 ),
	( 660604083 , 1692337642019 ),
	( 184958604 , 7620374944221 ),
	( 895740709 , 9528679190378 ),
	( 208013147 , 1660207357607 ),
	( 213258055 , 4191580090200 ),
	( 565979976 , 9263067114838 ),
	( 757373613 , 8977398399279 ),
	( 304089624 , 8111790930112 ),
	( 610673459 , 2193842565890 ),
	( 501694891 , 6280029177262 ),
	( 651004030 , 2334180050927 ),
	( 350959095 , 6647660013356 ),
	( 892807396 , 5308519994449 ),
	( 625757082 , 1908179236051 ),
	( 368320563 , 9236514381880 ),
	( 271691822 , 4297983802029 ),
	( 210300419 , 9534114489212 ),
	( 842854710 , 4973481511048 ),
	( 678842137 , 5034329161915 ),
	( 231053781 , 5159725826991 ),
	( 270575781 , 2098319013053 ),
	( 739554253 , 8625974299433 ),
	( 300603211 , 9470982884278 ),
	( 352500351 , 5882628987454 ),
	( 225133254 , 7972010351229 ),
	( 476948114 , 2501917817860 ),
	( 949448616 , 8920700632815 ),
	( 637864427 , 1719383838390 ),
	( 193572549 , 7928715714994 ),
	( 428950121 , 5404121307181 ),
	( 121637124 , 3018716117515 ),
	( 714282049 , 7460484003224 ),
	( 959522287 , 9238442495573 ),
	( 913773172 , 1929152302519 ),
	( 146054491 , 1528803060894 ),
	( 654345238 , 9451497854339 ),
	( 871346804 , 9166052927241 ),
	( 339151762 , 7429847886418 ),
	( 245069628 , 7930026584041 ),
	( 192838530 , 4608687078274 ),
	( 379364690 , 2563349332894 ),
	( 343983650 , 8232085287686 ),
	( 398321947 , 1801719093131 ),
	( 938208148 , 5669389037041 ),
	( 622616266 , 9404124446347 ),
	( 893760867 , 1751783144794 ),
	( 632798957 , 6802275182897 ),
	( 737670961 , 2155566285470 ),
	( 314629401 , 4402888279895 ),
	( 875475741 , 8203923906168 ),
	( 923900864 , 4369336665301 ),
	( 911093534 , 5815715663178 ),
	( 860721142 , 6397376128050 ),
	( 261143740 , 2205822758918 ),
	( 158583382 , 2913949392957 ),
	( 898871518 , 3577928436339 );

INSERT INTO corredor
VALUES
	( 1 , 19 ),
	( 2 , 7 ),
	( 3 , 13 ),
	( 4 , 17 ),
	( 5 , 17 ),
	( 6 , 18 ),
	( 7 , 10 ),
	( 8 , 6 ),
	( 9 , 5 ),
	( 10 , 8 );

INSERT INTO prateleira
VALUES
	( 1 , 'l' , 't' ),
	( 1 , 'l' , 'm' ),
	( 1 , 'l' , 'b' ),
	( 1 , 'r' , 't' ),
	( 1 , 'r' , 'm' ),
	( 1 , 'r' , 'b' ),
	( 2 , 'l' , 't' ),
	( 2 , 'l' , 'm' ),
	( 2 , 'l' , 'b' ),
	( 2 , 'r' , 't' ),
	( 2 , 'r' , 'b' ),
	( 3 , 'l' , 't' ),
	( 3 , 'l' , 'm' ),
	( 3 , 'l' , 'b' ),
	( 3 , 'r' , 't' ),
	( 3 , 'r' , 'm' ),
	( 3 , 'r' , 'b' ),
	( 4 , 'l' , 't' ),
	( 4 , 'l' , 'm' ),
	( 4 , 'l' , 'b' ),
	( 4 , 'r' , 't' ),
	( 4 , 'r' , 'b' ),
	( 5 , 'l' , 't' ),
	( 5 , 'r' , 't' ),
	( 5 , 'r' , 'm' ),
	( 6 , 'l' , 'b' ),
	( 6 , 'r' , 't' ),
	( 6 , 'r' , 'b' ),
	( 7 , 'l' , 't' ),
	( 7 , 'l' , 'm' ),
	( 7 , 'r' , 't' ),
	( 7 , 'r' , 'm' ),
	( 7 , 'r' , 'b' ),
	( 8 , 'l' , 't' ),
	( 8 , 'l' , 'm' ),
	( 8 , 'l' , 'b' ),
	( 8 , 'r' , 'm' ),
	( 9 , 'l' , 't' ),
	( 9 , 'r' , 't' ),
	( 9 , 'r' , 'm' ),
	( 9 , 'r' , 'b' ),
	( 10 , 'l' , 't' ),
	( 10 , 'l' , 'm' ),
	( 10 , 'r' , 't' ),
	( 10 , 'r' , 'm' ),
	( 10 , 'r' , 'b' );

INSERT INTO planograma
VALUES
	( 7044899036648 , 10 , 'r' , 'm' , 2 , 8 , 5 ),
	( 7025805330706 , 10 , 'l' , 't' , 3 , 20 , 4 ),
	( 4187990107883 , 9 , 'r' , 't' , 5 , 8 , 4 ),
	( 3833928454644 , 1 , 'r' , 't' , 1 , 20 , 10 ),
	( 1325534965808 , 10 , 'l' , 'm' , 4 , 5 , 4 ),
	( 2501917817860 , 1 , 'r' , 't' , 4 , 23 , 4 ),
	( 8089410001987 , 7 , 'l' , 'm' , 5 , 10 , 1 ),
	( 1426021679297 , 2 , 'l' , 'm' , 2 , 7 , 3 ),
	( 2792337566530 , 3 , 'l' , 'b' , 2 , 21 , 9 ),
	( 8042059101173 , 9 , 'l' , 't' , 3 , 26 , 4 ),
	( 4561828220465 , 10 , 'l' , 'm' , 5 , 27 , 4 ),
	( 1852547688377 , 10 , 'l' , 'm' , 2 , 28 , 5 ),
	( 9809237100900 , 10 , 'r' , 'm' , 4 , 18 , 1 ),
	( 1049212075262 , 3 , 'r' , 'm' , 1 , 10 , 10 ),
	( 7303085620493 , 10 , 'l' , 'm' , 1 , 27 , 7 ),
	( 9589540395385 , 10 , 'r' , 'm' , 3 , 25 , 3 ),
	( 7663868266696 , 5 , 'r' , 't' , 2 , 13 , 1 ),
	( 9128345837215 , 5 , 'r' , 'm' , 2 , 22 , 4 ),
	( 4608687078274 , 10 , 'l' , 'm' , 4 , 13 , 2 ),
	( 8203923906168 , 1 , 'r' , 't' , 5 , 5 , 17 ),
	( 4191580090200 , 7 , 'r' , 'm' , 2 , 26 , 3 ),
	( 7251396149218 , 8 , 'l' , 'b' , 2 , 9 , 6 ),
	( 5287713523446 , 5 , 'r' , 't' , 3 , 15 , 13 ),
	( 1473750746421 , 1 , 'r' , 'm' , 2 , 10 , 6 ),
	( 5473411754576 , 7 , 'r' , 't' , 5 , 5 , 5 ),
	( 3236900760476 , 8 , 'l' , 'b' , 3 , 9 , 3 ),
	( 8420138194391 , 5 , 'r' , 't' , 1 , 5 , 4 ),
	( 5842796196383 , 3 , 'r' , 't' , 1 , 15 , 1 ),
	( 6072810181139 , 3 , 'l' , 't' , 1 , 20 , 11 ),
	( 8305374664790 , 5 , 'r' , 'm' , 1 , 22 , 2 ),
	( 4219142807296 , 4 , 'l' , 't' , 3 , 8 , 15 ),
	( 3018716117515 , 7 , 'r' , 'b' , 4 , 11 , 1 ),
	( 6220837977406 , 3 , 'r' , 'm' , 5 , 18 , 12 ),
	( 5508618941103 , 2 , 'l' , 't' , 3 , 21 , 3 ),
	( 8745402306328 , 4 , 'l' , 'b' , 5 , 16 , 17 ),
	( 9572907611868 , 6 , 'l' , 'b' , 4 , 16 , 1 ),
	( 9224022130499 , 2 , 'r' , 'b' , 3 , 21 , 5 ),
	( 2220234716232 , 8 , 'l' , 'm' , 5 , 7 , 3 ),
	( 9373813217519 , 3 , 'r' , 'b' , 1 , 29 , 11 ),
	( 2913949392957 , 3 , 'r' , 'm' , 4 , 18 , 2 ),
	( 3532161246227 , 5 , 'r' , 't' , 3 , 5 , 4 ),
	( 7095612425571 , 4 , 'l' , 'm' , 5 , 23 , 8 ),
	( 7930026584041 , 4 , 'r' , 't' , 1 , 27 , 6 ),
	( 6924594465058 , 3 , 'l' , 'b' , 3 , 19 , 8 ),
	( 7316453355633 , 3 , 'l' , 'b' , 5 , 29 , 13 ),
	( 1692337642019 , 3 , 'l' , 'b' , 1 , 8 , 12 ),
	( 2606385860141 , 9 , 'r' , 'b' , 1 , 14 , 1 ),
	( 1286202476674 , 10 , 'l' , 'm' , 2 , 14 , 8 ),
	( 2830090679473 , 3 , 'l' , 'm' , 3 , 13 , 2 ),
	( 2572036269998 , 7 , 'r' , 't' , 5 , 25 , 3 ),
	( 7429847886418 , 2 , 'r' , 't' , 5 , 20 , 4 ),
	( 3923783028530 , 1 , 'r' , 't' , 5 , 25 , 15 ),
	( 5587263545034 , 8 , 'l' , 't' , 4 , 19 , 5 ),
	( 5303876718499 , 7 , 'l' , 't' , 5 , 14 , 1 ),
	( 5272541857798 , 3 , 'r' , 'm' , 3 , 26 , 10 ),
	( 6457341765624 , 5 , 'r' , 'm' , 1 , 12 , 10 ),
	( 8318894672433 , 4 , 'l' , 'b' , 2 , 23 , 12 ),
	( 9024961388715 , 10 , 'l' , 't' , 4 , 6 , 8 ),
	( 8457154925899 , 7 , 'r' , 'b' , 4 , 15 , 8 ),
	( 2004481631314 , 9 , 'r' , 'm' , 1 , 24 , 5 ),
	( 4961551040635 , 3 , 'r' , 'm' , 4 , 28 , 9 ),
	( 8472639581266 , 10 , 'r' , 'm' , 1 , 5 , 7 ),
	( 4928543885083 , 2 , 'l' , 't' , 3 , 19 , 7 ),
	( 8782702934499 , 10 , 'r' , 'm' , 3 , 28 , 8 ),
	( 6070473596512 , 1 , 'l' , 'b' , 5 , 7 , 14 ),
	( 4951285837068 , 2 , 'l' , 'b' , 3 , 20 , 1 ),
	( 1759687898522 , 10 , 'l' , 't' , 5 , 11 , 6 ),
	( 6099464773955 , 2 , 'l' , 't' , 2 , 14 , 3 ),
	( 9168665436147 , 3 , 'r' , 't' , 1 , 18 , 4 ),
	( 2231835034865 , 3 , 'r' , 't' , 1 , 6 , 2 ),
	( 9656633169373 , 4 , 'l' , 't' , 2 , 8 , 5 ),
	( 5530125759257 , 6 , 'r' , 'b' , 2 , 30 , 6 ),
	( 5459405433881 , 9 , 'l' , 't' , 3 , 5 , 2 ),
	( 2976877351985 , 2 , 'r' , 't' , 3 , 28 , 1 ),
	( 8443081788222 , 2 , 'r' , 't' , 1 , 21 , 4 ),
	( 5179157209861 , 3 , 'l' , 'b' , 5 , 16 , 9 ),
	( 5159725826991 , 4 , 'r' , 'b' , 2 , 20 , 1 ),
	( 4057910428418 , 3 , 'l' , 't' , 5 , 21 , 10 ),
	( 6310751790225 , 7 , 'l' , 't' , 5 , 17 , 5 ),
	( 8597757620996 , 4 , 'r' , 't' , 2 , 25 , 15 ),
	( 4277253275215 , 4 , 'r' , 't' , 3 , 21 , 12 ),
	( 3111598618425 , 10 , 'r' , 'b' , 2 , 21 , 5 ),
	( 8170873869439 , 9 , 'l' , 't' , 5 , 15 , 1 ),
	( 9522955325755 , 6 , 'r' , 'b' , 3 , 14 , 1 ),
	( 5109301470386 , 1 , 'l' , 'm' , 2 , 19 , 19 ),
	( 1104596801569 , 2 , 'r' , 't' , 3 , 26 , 3 ),
	( 3090294386619 , 4 , 'l' , 'm' , 4 , 19 , 6 ),
	( 5769016206427 , 2 , 'r' , 't' , 5 , 9 , 1 ),
	( 1607024346896 , 3 , 'l' , 'b' , 5 , 17 , 13 ),
	( 2426630788453 , 10 , 'l' , 't' , 3 , 19 , 1 ),
	( 1120842629029 , 2 , 'l' , 't' , 3 , 26 , 4 ),
	( 5178844497087 , 7 , 'l' , 't' , 3 , 23 , 10 ),
	( 7928715714994 , 8 , 'r' , 'm' , 3 , 27 , 6 ),
	( 8866770966974 , 9 , 'r' , 'b' , 4 , 23 , 5 ),
	( 3789838741994 , 4 , 'r' , 't' , 3 , 19 , 6 ),
	( 8335820595486 , 4 , 'l' , 'm' , 2 , 28 , 5 ),
	( 4754967584414 , 3 , 'r' , 't' , 3 , 23 , 12 ),
	( 8987007793076 , 1 , 'l' , 't' , 2 , 12 , 2 ),
	( 3280754174679 , 5 , 'r' , 't' , 1 , 5 , 14 ),
	( 6397376128050 , 9 , 'r' , 't' , 1 , 28 , 2 ),
	( 8576328830884 , 8 , 'r' , 'm' , 2 , 11 , 4 ),
	( 2911340545699 , 5 , 'l' , 't' , 1 , 9 , 15 ),
	( 9118726449960 , 4 , 'r' , 't' , 5 , 8 , 16 ),
	( 5865275582415 , 10 , 'l' , 't' , 1 , 7 , 8 ),
	( 6173560252392 , 5 , 'r' , 't' , 2 , 26 , 3 ),
	( 1751783144794 , 1 , 'l' , 't' , 3 , 6 , 15 ),
	( 2127522328813 , 9 , 'r' , 't' , 5 , 23 , 3 ),
	( 4253720305218 , 4 , 'r' , 't' , 1 , 20 , 4 ),
	( 1227474155155 , 10 , 'r' , 'm' , 2 , 20 , 2 ),
	( 3673903430351 , 2 , 'r' , 't' , 2 , 21 , 7 ),
	( 7732525605567 , 6 , 'r' , 'b' , 3 , 8 , 10 ),
	( 7668813850446 , 2 , 'l' , 't' , 1 , 6 , 1 ),
	( 1458398615686 , 1 , 'r' , 'm' , 1 , 24 , 10 ),
	( 3791365110687 , 10 , 'l' , 'm' , 3 , 12 , 5 ),
	( 7380675300799 , 2 , 'r' , 'b' , 1 , 8 , 6 ),
	( 6667738361960 , 4 , 'l' , 't' , 2 , 30 , 17 ),
	( 6280029177262 , 1 , 'l' , 'b' , 2 , 19 , 15 ),
	( 4058649476286 , 2 , 'l' , 'm' , 4 , 16 , 7 ),
	( 7155487856863 , 1 , 'r' , 'm' , 4 , 20 , 18 ),
	( 6695300564659 , 9 , 'r' , 't' , 3 , 27 , 1 ),
	( 7269005543548 , 1 , 'l' , 'b' , 4 , 16 , 17 ),
	( 8459667920162 , 9 , 'r' , 'b' , 3 , 27 , 5 ),
	( 7222156046892 , 10 , 'r' , 'm' , 4 , 22 , 3 ),
	( 7647417366344 , 1 , 'r' , 'm' , 1 , 6 , 5 ),
	( 8140966799564 , 8 , 'r' , 'm' , 3 , 23 , 6 ),
	( 3767931720287 , 2 , 'l' , 't' , 3 , 18 , 5 ),
	( 7022658927027 , 4 , 'r' , 't' , 1 , 6 , 1 ),
	( 8257521017621 , 3 , 'l' , 'm' , 1 , 17 , 12 ),
	( 1556935379281 , 7 , 'l' , 't' , 1 , 15 , 9 ),
	( 2193842565890 , 10 , 'l' , 'm' , 4 , 27 , 2 ),
	( 8210991240270 , 3 , 'r' , 'b' , 3 , 20 , 3 ),
	( 4973481511048 , 4 , 'l' , 't' , 3 , 23 , 2 ),
	( 8583459802517 , 5 , 'l' , 't' , 4 , 14 , 13 ),
	( 8229399420012 , 3 , 'r' , 'm' , 5 , 14 , 3 ),
	( 3847001013779 , 10 , 'r' , 't' , 4 , 24 , 2 ),
	( 7682764481309 , 1 , 'r' , 'm' , 3 , 21 , 14 ),
	( 7941894647161 , 5 , 'l' , 't' , 3 , 22 , 1 ),
	( 9756600275024 , 9 , 'r' , 'b' , 1 , 8 , 2 ),
	( 3318272209244 , 10 , 'r' , 'm' , 3 , 14 , 7 ),
	( 9125569931038 , 6 , 'r' , 't' , 2 , 5 , 4 ),
	( 2585609380056 , 1 , 'l' , 'b' , 4 , 8 , 3 ),
	( 2162638754345 , 3 , 'l' , 't' , 2 , 21 , 9 ),
	( 1432429228770 , 10 , 'r' , 't' , 1 , 23 , 7 ),
	( 5428200842015 , 2 , 'l' , 'm' , 2 , 8 , 2 ),
	( 5724311342112 , 1 , 'r' , 'b' , 1 , 12 , 3 ),
	( 1787542570907 , 10 , 'l' , 'm' , 2 , 24 , 8 ),
	( 7038606719464 , 4 , 'l' , 't' , 5 , 19 , 10 ),
	( 7262209837908 , 8 , 'l' , 't' , 5 , 5 , 1 ),
	( 4194409302395 , 1 , 'r' , 't' , 3 , 14 , 3 ),
	( 8379913791544 , 3 , 'l' , 't' , 1 , 23 , 4 ),
	( 9468741275062 , 8 , 'l' , 'm' , 1 , 15 , 6 ),
	( 5437669289800 , 3 , 'l' , 't' , 1 , 24 , 7 ),
	( 8426843299930 , 10 , 'r' , 'm' , 3 , 8 , 4 ),
	( 2900454195059 , 8 , 'l' , 'b' , 1 , 12 , 4 ),
	( 8850267133340 , 4 , 'r' , 't' , 2 , 11 , 8 ),
	( 3877282010166 , 2 , 'r' , 't' , 2 , 12 , 7 ),
	( 8355082426598 , 1 , 'r' , 'm' , 3 , 7 , 8 ),
	( 8249973262010 , 5 , 'r' , 't' , 1 , 14 , 14 ),
	( 7072037617861 , 2 , 'l' , 'm' , 2 , 17 , 4 ),
	( 6479297393609 , 3 , 'l' , 'm' , 3 , 9 , 13 ),
	( 6350540237844 , 2 , 'r' , 'b' , 2 , 5 , 1 ),
	( 1495277479227 , 3 , 'r' , 'm' , 4 , 18 , 5 ),
	( 2155566285470 , 1 , 'r' , 'b' , 5 , 12 , 10 ),
	( 8101628580976 , 4 , 'l' , 'm' , 1 , 14 , 6 ),
	( 9404124446347 , 4 , 'r' , 'b' , 1 , 17 , 1 ),
	( 3168576551947 , 6 , 'r' , 'b' , 2 , 25 , 14 ),
	( 1937854191777 , 1 , 'l' , 't' , 1 , 9 , 5 ),
	( 7798074709361 , 6 , 'l' , 'b' , 3 , 5 , 9 ),
	( 1930333740351 , 1 , 'l' , 't' , 1 , 9 , 2 ),
	( 3762429241765 , 10 , 'r' , 't' , 2 , 8 , 8 ),
	( 7039903107591 , 2 , 'r' , 't' , 2 , 10 , 4 ),
	( 5063887730930 , 10 , 'l' , 't' , 2 , 11 , 7 ),
	( 2553561772859 , 10 , 'l' , 't' , 5 , 28 , 4 ),
	( 5404121307181 , 9 , 'r' , 't' , 2 , 28 , 4 ),
	( 4619056329321 , 9 , 'l' , 't' , 4 , 5 , 2 ),
	( 5713740411218 , 7 , 'r' , 'm' , 3 , 8 , 10 ),
	( 9642942317805 , 4 , 'r' , 'b' , 3 , 16 , 2 ),
	( 4982697537829 , 1 , 'r' , 'b' , 5 , 20 , 6 ),
	( 6613179006511 , 2 , 'l' , 't' , 1 , 6 , 3 ),
	( 8735151085639 , 8 , 'r' , 'm' , 4 , 20 , 5 ),
	( 5511502602546 , 10 , 'r' , 'b' , 4 , 29 , 3 ),
	( 2182633445152 , 1 , 'r' , 'b' , 4 , 21 , 16 ),
	( 2670819926511 , 9 , 'r' , 't' , 4 , 18 , 2 ),
	( 7709768519451 , 1 , 'r' , 't' , 2 , 26 , 7 ),
	( 3697492125220 , 2 , 'r' , 'b' , 5 , 22 , 1 ),
	( 8409928082352 , 6 , 'r' , 't' , 3 , 17 , 9 ),
	( 6222591757259 , 8 , 'l' , 'm' , 1 , 13 , 4 ),
	( 3772569837558 , 8 , 'l' , 't' , 4 , 20 , 1 ),
	( 2996399434212 , 8 , 'r' , 'm' , 4 , 12 , 1 ),
	( 8179373225522 , 4 , 'r' , 'b' , 5 , 15 , 1 ),
	( 4056371376099 , 10 , 'r' , 't' , 3 , 24 , 2 ),
	( 5790463815102 , 1 , 'l' , 't' , 1 , 15 , 9 ),
	( 7972010351229 , 6 , 'l' , 'b' , 4 , 20 , 11 ),
	( 1491895869795 , 7 , 'l' , 'm' , 3 , 29 , 5 ),
	( 1017256593495 , 2 , 'l' , 'm' , 3 , 20 , 5 ),
	( 9470982884278 , 3 , 'r' , 'm' , 2 , 17 , 8 ),
	( 2408433811483 , 1 , 'r' , 't' , 1 , 15 , 14 ),
	( 8674643417715 , 7 , 'r' , 'b' , 4 , 5 , 8 ),
	( 4490761563376 , 3 , 'r' , 't' , 3 , 13 , 13 ),
	( 6098929113250 , 9 , 'r' , 'b' , 3 , 14 , 1 ),
	( 3157203412797 , 6 , 'l' , 'b' , 5 , 30 , 14 ),
	( 9497125116119 , 3 , 'l' , 'b' , 4 , 19 , 11 ),
	( 8592322899720 , 10 , 'l' , 'm' , 5 , 8 , 4 ),
	( 5877842859861 , 9 , 'l' , 't' , 1 , 14 , 5 ),
	( 8427270769873 , 4 , 'l' , 'b' , 2 , 22 , 11 ),
	( 5874589994705 , 10 , 'r' , 'm' , 4 , 13 , 3 ),
	( 7168398118199 , 4 , 'l' , 't' , 1 , 27 , 14 ),
	( 2334180050927 , 5 , 'r' , 't' , 2 , 10 , 1 ),
	( 2155997837221 , 10 , 'r' , 'b' , 1 , 14 , 5 ),
	( 3101539321438 , 7 , 'l' , 't' , 1 , 23 , 7 ),
	( 3754049156252 , 7 , 'l' , 't' , 4 , 20 , 5 ),
	( 4779594034272 , 5 , 'r' , 't' , 1 , 7 , 11 ),
	( 7184871344017 , 4 , 'l' , 't' , 5 , 26 , 16 ),
	( 8958889153657 , 2 , 'r' , 'b' , 1 , 7 , 1 ),
	( 5309902574787 , 1 , 'l' , 't' , 1 , 19 , 14 ),
	( 1696047306232 , 1 , 'l' , 'b' , 4 , 11 , 10 ),
	( 2366889185218 , 3 , 'r' , 't' , 3 , 20 , 11 ),
	( 2272023928818 , 1 , 'l' , 'b' , 2 , 7 , 10 ),
	( 4470786808996 , 9 , 'l' , 't' , 3 , 10 , 2 ),
	( 2847685876450 , 8 , 'l' , 'm' , 1 , 14 , 1 ),
	( 2348431115143 , 2 , 'r' , 't' , 5 , 25 , 7 ),
	( 1764804313284 , 1 , 'r' , 't' , 1 , 14 , 12 ),
	( 4396362105087 , 1 , 'r' , 'b' , 1 , 6 , 12 ),
	( 2561164476316 , 10 , 'r' , 't' , 1 , 23 , 8 ),
	( 8258093652372 , 3 , 'l' , 'm' , 5 , 24 , 3 ),
	( 2125109620957 , 8 , 'l' , 'm' , 2 , 23 , 1 ),
	( 4139665800283 , 10 , 'r' , 't' , 5 , 27 , 4 ),
	( 7004816661969 , 3 , 'l' , 'm' , 4 , 29 , 11 ),
	( 6108988088469 , 9 , 'r' , 'b' , 4 , 11 , 5 ),
	( 7200007192167 , 8 , 'l' , 'b' , 2 , 13 , 5 ),
	( 5106855531570 , 4 , 'l' , 'm' , 2 , 9 , 2 ),
	( 3923079917437 , 2 , 'l' , 't' , 4 , 21 , 2 ),
	( 9813924104711 , 1 , 'r' , 'b' , 3 , 22 , 14 ),
	( 6867916675425 , 6 , 'l' , 'b' , 5 , 5 , 3 ),
	( 4657733917858 , 1 , 'l' , 'm' , 3 , 12 , 18 ),
	( 2993840195067 , 6 , 'r' , 'b' , 3 , 15 , 8 ),
	( 5806581462851 , 4 , 'l' , 'm' , 3 , 9 , 2 ),
	( 8021766881641 , 3 , 'l' , 'm' , 3 , 21 , 9 ),
	( 4964050174220 , 1 , 'r' , 'm' , 1 , 10 , 7 ),
	( 7620374944221 , 1 , 'l' , 'b' , 5 , 12 , 18 ),
	( 9221500016491 , 1 , 'l' , 't' , 4 , 17 , 13 ),
	( 5967413636827 , 5 , 'l' , 't' , 3 , 11 , 12 ),
	( 1562231791567 , 1 , 'r' , 't' , 2 , 25 , 16 ),
	( 9238442495573 , 1 , 'r' , 'm' , 2 , 9 , 7 ),
	( 1944649341593 , 2 , 'l' , 't' , 1 , 28 , 7 ),
	( 4402888279895 , 9 , 'r' , 'm' , 4 , 25 , 2 ),
	( 7677653906037 , 10 , 'r' , 'm' , 3 , 19 , 3 ),
	( 8495732457684 , 7 , 'r' , 'b' , 2 , 11 , 4 ),
	( 9132623902059 , 7 , 'r' , 'm' , 5 , 15 , 1 ),
	( 2208596035227 , 1 , 'r' , 'm' , 4 , 9 , 6 ),
	( 5791402227125 , 2 , 'l' , 'b' , 3 , 10 , 2 ),
	( 8381789133982 , 10 , 'r' , 'm' , 3 , 5 , 6 ),
	( 2582809044094 , 3 , 'r' , 'm' , 3 , 16 , 2 ),
	( 9506338638827 , 3 , 'r' , 't' , 4 , 20 , 3 ),
	( 1094320172462 , 2 , 'r' , 'b' , 5 , 25 , 4 ),
	( 9111045428776 , 7 , 'r' , 't' , 2 , 29 , 9 ),
	( 2179180415189 , 1 , 'r' , 't' , 1 , 18 , 1 ),
	( 5467334958149 , 5 , 'r' , 'm' , 2 , 8 , 9 ),
	( 7050625544961 , 2 , 'r' , 'b' , 1 , 30 , 6 ),
	( 3299026580219 , 3 , 'r' , 't' , 3 , 5 , 8 ),
	( 5034329161915 , 3 , 'r' , 'm' , 4 , 28 , 8 ),
	( 7684803526266 , 3 , 'l' , 't' , 3 , 17 , 2 ),
	( 3710195026364 , 1 , 'l' , 't' , 5 , 30 , 8 ),
	( 3126552639527 , 10 , 'r' , 'b' , 2 , 21 , 6 ),
	( 5665344998505 , 1 , 'l' , 'm' , 3 , 20 , 11 ),
	( 1870220685471 , 8 , 'l' , 't' , 1 , 29 , 5 ),
	( 1908179236051 , 4 , 'l' , 'm' , 1 , 28 , 10 ),
	( 4961752274766 , 6 , 'r' , 'b' , 5 , 10 , 7 ),
	( 5197821406320 , 4 , 'r' , 'b' , 5 , 25 , 10 ),
	( 9595268159713 , 6 , 'l' , 'b' , 3 , 19 , 16 ),
	( 2029092051357 , 3 , 'r' , 't' , 3 , 26 , 7 ),
	( 1929152302519 , 2 , 'l' , 't' , 3 , 5 , 7 ),
	( 3449821889780 , 10 , 'l' , 't' , 3 , 15 , 1 ),
	( 8920700632815 , 3 , 'r' , 't' , 4 , 15 , 2 ),
	( 4369336665301 , 4 , 'l' , 't' , 2 , 14 , 16 ),
	( 1363516383065 , 2 , 'l' , 'm' , 2 , 21 , 4 ),
	( 7966528703695 , 6 , 'r' , 't' , 1 , 11 , 3 ),
	( 8109240876777 , 8 , 'r' , 'm' , 4 , 9 , 5 ),
	( 4988394811347 , 2 , 'r' , 'b' , 1 , 14 , 4 ),
	( 6340531636253 , 7 , 'l' , 't' , 5 , 9 , 10 ),
	( 3058259124147 , 2 , 'l' , 'b' , 3 , 5 , 1 ),
	( 6957300647638 , 7 , 'l' , 'm' , 4 , 8 , 3 ),
	( 6292904432609 , 5 , 'l' , 't' , 1 , 28 , 6 ),
	( 6444704424076 , 7 , 'r' , 't' , 2 , 27 , 10 ),
	( 7851220772762 , 3 , 'l' , 'm' , 4 , 25 , 9 ),
	( 9534114489212 , 7 , 'r' , 'm' , 1 , 23 , 9 ),
	( 4249315148287 , 10 , 'l' , 't' , 2 , 24 , 1 ),
	( 1210361181650 , 3 , 'r' , 't' , 2 , 10 , 12 ),
	( 3847118770476 , 7 , 'r' , 'm' , 5 , 18 , 5 ),
	( 5283989917750 , 3 , 'r' , 't' , 5 , 22 , 1 ),
	( 4731146103910 , 4 , 'r' , 't' , 1 , 13 , 17 ),
	( 1801719093131 , 6 , 'r' , 't' , 2 , 14 , 13 ),
	( 3084150118268 , 3 , 'r' , 't' , 5 , 21 , 6 ),
	( 7288960495153 , 2 , 'l' , 'm' , 1 , 18 , 6 ),
	( 8137988740616 , 3 , 'r' , 't' , 2 , 22 , 11 ),
	( 6977268909867 , 3 , 'r' , 'b' , 4 , 22 , 9 ),
	( 9794522443574 , 9 , 'r' , 'm' , 4 , 10 , 2 ),
	( 8735323717654 , 9 , 'r' , 'm' , 1 , 8 , 5 ),
	( 1326113366631 , 2 , 'r' , 't' , 2 , 29 , 7 ),
	( 6819054740910 , 3 , 'l' , 't' , 5 , 11 , 2 ),
	( 8750348196017 , 9 , 'l' , 't' , 4 , 21 , 2 ),
	( 9478329419353 , 9 , 'r' , 'b' , 4 , 29 , 3 ),
	( 7212839834356 , 8 , 'l' , 't' , 1 , 21 , 2 ),
	( 1966628518984 , 3 , 'l' , 't' , 3 , 16 , 1 ),
	( 5716974905645 , 9 , 'r' , 'b' , 3 , 23 , 2 ),
	( 6283586101711 , 2 , 'r' , 'b' , 1 , 12 , 2 ),
	( 9249492272847 , 8 , 'r' , 'm' , 1 , 28 , 4 ),
	( 4933354260301 , 5 , 'r' , 't' , 4 , 17 , 15 ),
	( 5002346608705 , 10 , 'r' , 'b' , 3 , 8 , 4 ),
	( 9551943320820 , 7 , 'l' , 'm' , 5 , 26 , 8 ),
	( 9263067114838 , 10 , 'r' , 'm' , 2 , 24 , 4 ),
	( 9166052927241 , 3 , 'r' , 'b' , 5 , 12 , 11 ),
	( 3481656717420 , 9 , 'l' , 't' , 5 , 20 , 3 ),
	( 9556173046484 , 9 , 'r' , 'b' , 1 , 14 , 5 ),
	( 5609454226357 , 10 , 'r' , 'm' , 4 , 11 , 2 ),
	( 7869892931401 , 7 , 'l' , 't' , 5 , 19 , 1 ),
	( 4300590804279 , 2 , 'l' , 'b' , 1 , 23 , 3 ),
	( 7318349543411 , 6 , 'r' , 'b' , 5 , 14 , 14 ),
	( 5822532499046 , 6 , 'r' , 'b' , 4 , 19 , 12 ),
	( 9128862358793 , 4 , 'l' , 'm' , 4 , 24 , 15 ),
	( 7055047645993 , 7 , 'r' , 'm' , 5 , 6 , 6 ),
	( 8729067898298 , 9 , 'r' , 't' , 1 , 24 , 4 ),
	( 7257669676646 , 7 , 'l' , 'm' , 3 , 28 , 1 ),
	( 6950613391230 , 1 , 'l' , 't' , 4 , 8 , 17 ),
	( 6749927827659 , 4 , 'l' , 'b' , 5 , 29 , 1 ),
	( 7181346728761 , 10 , 'l' , 'm' , 3 , 14 , 4 ),
	( 8531341865942 , 4 , 'r' , 'b' , 2 , 18 , 9 ),
	( 2098319013053 , 9 , 'r' , 't' , 2 , 24 , 1 ),
	( 5815715663178 , 7 , 'r' , 'm' , 1 , 19 , 6 ),
	( 6069044638514 , 10 , 'r' , 'm' , 2 , 28 , 8 ),
	( 7687740305259 , 1 , 'r' , 't' , 2 , 11 , 14 ),
	( 3619177086221 , 1 , 'l' , 't' , 4 , 17 , 14 ),
	( 2092867528678 , 2 , 'l' , 't' , 3 , 7 , 3 ),
	( 5514675956512 , 2 , 'r' , 'b' , 1 , 20 , 4 ),
	( 1226498879556 , 3 , 'l' , 'b' , 5 , 17 , 4 ),
	( 9365095136454 , 2 , 'l' , 't' , 2 , 25 , 7 ),
	( 7859796697887 , 2 , 'l' , 'm' , 2 , 26 , 2 ),
	( 9120821245390 , 4 , 'r' , 'b' , 4 , 30 , 9 ),
	( 6140407650243 , 6 , 'r' , 't' , 2 , 12 , 17 ),
	( 4297983802029 , 3 , 'r' , 't' , 2 , 18 , 6 ),
	( 6909348066827 , 7 , 'l' , 't' , 5 , 6 , 2 ),
	( 8118383661363 , 7 , 'l' , 't' , 5 , 6 , 3 ),
	( 5950566029078 , 5 , 'r' , 'm' , 5 , 22 , 15 ),
	( 2927901665423 , 7 , 'r' , 'm' , 5 , 9 , 9 ),
	( 5989014398573 , 10 , 'r' , 'm' , 4 , 14 , 6 ),
	( 1719383838390 , 8 , 'l' , 'm' , 1 , 19 , 2 ),
	( 5393775515533 , 2 , 'l' , 'b' , 1 , 22 , 6 ),
	( 1585337959937 , 5 , 'r' , 't' , 1 , 24 , 1 ),
	( 5365656306759 , 7 , 'r' , 'm' , 4 , 6 , 7 ),
	( 1693136881009 , 6 , 'r' , 't' , 5 , 10 , 5 ),
	( 3148766876323 , 7 , 'l' , 'm' , 5 , 25 , 4 ),
	( 3205562690684 , 10 , 'r' , 't' , 2 , 17 , 8 ),
	( 6966546017154 , 1 , 'l' , 'b' , 5 , 12 , 14 ),
	( 3577928436339 , 4 , 'r' , 'b' , 4 , 23 , 8 ),
	( 5079908323099 , 2 , 'r' , 't' , 5 , 5 , 1 ),
	( 8477040454426 , 3 , 'r' , 'm' , 1 , 20 , 13 ),
	( 7954395735535 , 9 , 'l' , 't' , 3 , 17 , 5 ),
	( 6888320126426 , 8 , 'l' , 'b' , 2 , 6 , 5 ),
	( 7397444824050 , 1 , 'l' , 'b' , 2 , 21 , 13 ),
	( 7333534536183 , 9 , 'r' , 'm' , 5 , 21 , 5 ),
	( 1528803060894 , 4 , 'l' , 't' , 5 , 15 , 3 ),
	( 2268399693168 , 7 , 'r' , 'm' , 2 , 25 , 6 ),
	( 4178718255253 , 9 , 'r' , 'm' , 4 , 10 , 5 ),
	( 7990385863629 , 8 , 'l' , 'b' , 2 , 25 , 6 ),
	( 5949121208601 , 6 , 'r' , 'b' , 2 , 28 , 5 ),
	( 8111790930112 , 1 , 'l' , 't' , 5 , 23 , 10 ),
	( 1382743254933 , 8 , 'l' , 'b' , 2 , 16 , 3 ),
	( 6592181708530 , 1 , 'r' , 't' , 1 , 11 , 5 ),
	( 6713485147277 , 4 , 'r' , 't' , 4 , 11 , 14 ),
	( 9528679190378 , 10 , 'r' , 'm' , 1 , 24 , 5 ),
	( 3186643745738 , 8 , 'l' , 'm' , 3 , 6 , 6 ),
	( 4634150219294 , 3 , 'r' , 'b' , 4 , 10 , 7 ),
	( 2406560029908 , 5 , 'r' , 't' , 3 , 5 , 15 ),
	( 8317027856765 , 2 , 'r' , 't' , 4 , 24 , 1 ),
	( 3648491318770 , 3 , 'r' , 'b' , 1 , 19 , 11 ),
	( 3395631183275 , 1 , 'r' , 'b' , 5 , 13 , 13 ),
	( 1180358330597 , 7 , 'l' , 't' , 2 , 6 , 2 ),
	( 4670440500212 , 3 , 'r' , 't' , 3 , 6 , 12 ),
	( 7012177748664 , 10 , 'l' , 't' , 5 , 25 , 5 ),
	( 1269101873120 , 5 , 'l' , 't' , 1 , 27 , 8 ),
	( 9037834276939 , 2 , 'l' , 'b' , 3 , 17 , 4 ),
	( 3894543306815 , 10 , 'r' , 'b' , 4 , 11 , 7 ),
	( 3680934453132 , 9 , 'r' , 'm' , 4 , 17 , 4 ),
	( 5689876833808 , 1 , 'r' , 'm' , 4 , 25 , 12 ),
	( 5914534154874 , 8 , 'r' , 'm' , 3 , 15 , 4 ),
	( 1877564433985 , 3 , 'r' , 'b' , 5 , 16 , 9 ),
	( 5088481455821 , 1 , 'l' , 'b' , 4 , 5 , 9 ),
	( 2287645207722 , 1 , 'l' , 'm' , 5 , 15 , 8 ),
	( 2507922767442 , 1 , 'l' , 'm' , 1 , 8 , 11 ),
	( 7919571713974 , 6 , 'r' , 'b' , 2 , 25 , 10 ),
	( 2205822758918 , 3 , 'l' , 't' , 4 , 20 , 3 ),
	( 4826929685822 , 10 , 'l' , 't' , 5 , 22 , 2 ),
	( 1867488787080 , 1 , 'r' , 'm' , 4 , 14 , 11 ),
	( 3995617416094 , 10 , 'r' , 'b' , 4 , 30 , 6 ),
	( 8709109639391 , 6 , 'l' , 'b' , 2 , 28 , 4 ),
	( 5629713110713 , 3 , 'r' , 't' , 1 , 23 , 10 ),
	( 7632174856251 , 2 , 'r' , 'b' , 3 , 5 , 1 ),
	( 4314501309887 , 4 , 'l' , 'm' , 5 , 25 , 3 ),
	( 4048819368882 , 3 , 'r' , 'b' , 4 , 15 , 12 ),
	( 7890158264631 , 8 , 'l' , 'm' , 3 , 18 , 2 ),
	( 1130761151862 , 9 , 'l' , 't' , 3 , 8 , 2 ),
	( 5078339066700 , 6 , 'r' , 'b' , 2 , 6 , 10 ),
	( 1441320469810 , 10 , 'r' , 't' , 2 , 6 , 5 ),
	( 2081405388976 , 4 , 'l' , 't' , 3 , 6 , 6 ),
	( 2135966722328 , 1 , 'r' , 'm' , 3 , 19 , 7 ),
	( 4109764573699 , 10 , 'r' , 'm' , 4 , 20 , 3 ),
	( 8728572117441 , 2 , 'l' , 't' , 3 , 19 , 2 ),
	( 6035936253419 , 6 , 'r' , 't' , 3 , 11 , 8 ),
	( 5026430219610 , 9 , 'r' , 't' , 4 , 18 , 5 ),
	( 3659541495174 , 1 , 'r' , 'm' , 1 , 19 , 6 ),
	( 7904972617050 , 1 , 'l' , 't' , 5 , 24 , 14 ),
	( 7843491636104 , 7 , 'r' , 'b' , 4 , 24 , 5 ),
	( 4084408562078 , 1 , 'r' , 'b' , 1 , 5 , 4 ),
	( 6647660013356 , 6 , 'r' , 'b' , 1 , 23 , 9 ),
	( 6265156168707 , 9 , 'r' , 'b' , 3 , 22 , 4 ),
	( 4455600029548 , 3 , 'r' , 'b' , 4 , 22 , 8 ),
	( 9208326610423 , 4 , 'l' , 'b' , 1 , 22 , 9 ),
	( 2761911130712 , 1 , 'l' , 'm' , 5 , 7 , 4 ),
	( 4082801002365 , 10 , 'r' , 'b' , 3 , 27 , 1 ),
	( 5250329934394 , 7 , 'l' , 't' , 3 , 10 , 3 ),
	( 2422333218234 , 4 , 'l' , 'b' , 2 , 15 , 1 ),
	( 5801851310611 , 2 , 'l' , 'm' , 5 , 21 , 1 ),
	( 6618741488287 , 2 , 'l' , 'm' , 4 , 25 , 3 ),
	( 7666966151067 , 7 , 'r' , 't' , 3 , 28 , 4 ),
	( 2091406654139 , 7 , 'r' , 'b' , 2 , 17 , 10 ),
	( 6821635877700 , 7 , 'r' , 't' , 3 , 22 , 2 ),
	( 2563349332894 , 1 , 'r' , 'm' , 1 , 12 , 10 ),
	( 5614591097413 , 1 , 'r' , 't' , 2 , 20 , 11 ),
	( 5498288733308 , 1 , 'r' , 'm' , 3 , 18 , 15 ),
	( 7116944047002 , 10 , 'r' , 't' , 2 , 10 , 2 ),
	( 4447241218160 , 3 , 'r' , 't' , 2 , 20 , 6 ),
	( 6802275182897 , 5 , 'r' , 't' , 1 , 7 , 4 ),
	( 9209086080200 , 7 , 'r' , 'b' , 1 , 5 , 8 ),
	( 1226010969471 , 1 , 'r' , 'm' , 5 , 23 , 13 ),
	( 8985418442466 , 5 , 'r' , 't' , 5 , 11 , 17 ),
	( 9505407250433 , 5 , 'l' , 't' , 1 , 12 , 7 ),
	( 4225934748840 , 5 , 'r' , 't' , 5 , 18 , 14 ),
	( 9451497854339 , 9 , 'r' , 'm' , 2 , 12 , 1 ),
	( 1118315041385 , 9 , 'r' , 'b' , 3 , 30 , 4 ),
	( 8625974299433 , 2 , 'l' , 'b' , 2 , 14 , 2 ),
	( 2754246148197 , 9 , 'r' , 'm' , 4 , 15 , 4 ),
	( 2214058119214 , 5 , 'r' , 't' , 5 , 17 , 2 ),
	( 5224560880042 , 1 , 'l' , 'b' , 5 , 18 , 7 ),
	( 9855257084869 , 10 , 'l' , 'm' , 5 , 10 , 4 ),
	( 1501439995191 , 1 , 'l' , 't' , 1 , 10 , 5 ),
	( 2603130876473 , 6 , 'r' , 't' , 5 , 22 , 7 ),
	( 6202371345335 , 4 , 'l' , 'm' , 2 , 12 , 11 ),
	( 5064966535551 , 7 , 'l' , 't' , 5 , 24 , 6 ),
	( 1032600751674 , 4 , 'r' , 'b' , 1 , 20 , 10 ),
	( 7461297282527 , 5 , 'r' , 'm' , 4 , 18 , 4 ),
	( 9004913858446 , 1 , 'l' , 'm' , 3 , 22 , 11 ),
	( 2480558541399 , 4 , 'r' , 't' , 3 , 17 , 6 ),
	( 8279031910205 , 2 , 'r' , 't' , 1 , 29 , 6 ),
	( 5016905166299 , 2 , 'l' , 'b' , 1 , 19 , 4 ),
	( 6891010617864 , 3 , 'r' , 'b' , 2 , 17 , 12 ),
	( 3719834118299 , 4 , 'r' , 'b' , 3 , 9 , 3 ),
	( 1470981882204 , 8 , 'l' , 't' , 2 , 6 , 1 ),
	( 8596656603748 , 7 , 'l' , 'm' , 3 , 12 , 9 ),
	( 7776443782326 , 9 , 'r' , 'b' , 1 , 26 , 4 ),
	( 1343138293947 , 8 , 'l' , 'm' , 4 , 5 , 6 ),
	( 7633160290736 , 2 , 'l' , 'b' , 4 , 18 , 7 ),
	( 3556450943494 , 10 , 'l' , 'm' , 2 , 29 , 2 ),
	( 1660207357607 , 7 , 'r' , 'm' , 1 , 19 , 2 ),
	( 8964952952347 , 7 , 'r' , 'm' , 3 , 28 , 5 ),
	( 7300250026312 , 4 , 'l' , 'm' , 4 , 22 , 17 ),
	( 4774266084294 , 9 , 'r' , 't' , 5 , 30 , 5 ),
	( 3701381320713 , 5 , 'l' , 't' , 5 , 6 , 9 ),
	( 9669119761077 , 9 , 'r' , 'm' , 1 , 22 , 5 ),
	( 7460484003224 , 8 , 'l' , 'b' , 1 , 27 , 4 );

INSERT INTO evento_reposicao
VALUES
	( 'Nuno' , '2017-2-6 1:20:23' ),
	( 'Sandra' , '2017-11-20 5:47:51' ),
	( 'Joana' , '2017-9-13 23:39:30' ),
	( 'Joao' , '2017-6-10 1:49:55' ),
	( 'Sandra' , '2017-1-24 1:55:22' ),
	( 'Joao' , '2017-6-27 3:44:41' ),
	( 'Maria' , '2017-3-15 6:59:23' ),
	( 'Vitor' , '2017-10-8 13:9:51' ),
	( 'Sandra' , '2017-10-15 18:11:58' ),
	( 'Marta' , '2017-1-11 4:22:46' ),
	( 'Joana' , '2017-8-2 9:27:11' ),
	( 'Pedro' , '2017-11-18 20:56:28' ),
	( 'Pedro' , '2017-3-1 14:2:5' ),
	( 'Sandra' , '2017-8-1 23:20:36' ),
	( 'Nuno' , '2017-2-17 19:21:46' ),
	( 'Joana' , '2017-10-7 11:15:44' ),
	( 'Maria' , '2017-3-21 9:35:40' ),
	( 'Afonso' , '2017-8-23 3:52:47' ),
	( 'Sandra' , '2017-12-24 9:2:58' ),
	( 'Joao' , '2017-6-14 10:34:51' ),
	( 'Vitor' , '2017-2-24 2:14:13' ),
	( 'Ana' , '2017-7-1 7:54:48' ),
	( 'Tiago' , '2017-8-13 18:45:33' ),
	( 'Joana' , '2017-2-4 22:51:23' ),
	( 'Marta' , '2017-10-20 10:30:30' ),
	( 'Joana' , '2017-3-2 5:24:14' ),
	( 'Sandra' , '2017-9-7 12:7:15' ),
	( 'Marta' , '2017-1-23 15:28:25' ),
	( 'Marta' , '2017-10-15 13:48:31' ),
	( 'Sandra' , '2017-12-3 20:44:51' ),
	( 'Maria' , '2017-1-17 6:8:18' ),
	( 'Pedro' , '2017-10-10 17:33:42' ),
	( 'Maria' , '2017-12-15 23:50:16' ),
	( 'Filipe' , '2017-12-4 7:17:18' ),
	( 'Ines' , '2017-9-5 3:40:43' ),
	( 'Sandra' , '2017-2-18 15:5:6' ),
	( 'Filipe' , '2017-12-24 5:11:51' ),
	( 'Joana' , '2017-6-9 2:20:57' ),
	( 'Ines' , '2017-5-6 5:20:14' ),
	( 'Tiago' , '2017-6-15 2:10:6' ),
	( 'Tiago' , '2017-11-16 16:36:55' ),
	( 'Joana' , '2017-2-8 22:49:5' ),
	( 'Pedro' , '2017-5-26 5:42:57' ),
	( 'Marta' , '2017-9-14 1:20:29' ),
	( 'Tiago' , '2017-1-22 19:31:8' ),
	( 'Afonso' , '2017-8-13 12:58:57' ),
	( 'Marta' , '2017-5-6 14:35:7' ),
	( 'Afonso' , '2017-8-15 15:13:42' ),
	( 'Nuno' , '2017-6-3 23:7:10' ),
	( 'Filipe' , '2017-3-26 16:49:9' ),
	( 'Joana' , '2017-5-14 14:25:11' ),
	( 'Tiago' , '2017-4-26 21:46:24' ),
	( 'Ines' , '2017-5-26 2:1:32' ),
	( 'Nuno' , '2017-7-6 12:8:56' ),
	( 'Afonso' , '2017-2-17 23:59:59' ),
	( 'Maria' , '2017-10-14 7:51:37' ),
	( 'Ana' , '2017-6-25 3:46:55' ),
	( 'Nuno' , '2017-8-28 13:24:29' ),
	( 'Afonso' , '2017-1-16 9:23:5' ),
	( 'Vitor' , '2017-7-2 10:29:36' ),
	( 'Joao' , '2017-12-2 18:48:3' ),
	( 'Pedro' , '2017-4-1 16:30:12' ),
	( 'Nuno' , '2017-6-3 23:9:49' ),
	( 'Vitor' , '2017-1-25 12:32:23' ),
	( 'Filipe' , '2017-10-5 13:41:30' ),
	( 'Maria' , '2017-11-7 7:54:59' ),
	( 'Pedro' , '2017-8-10 12:33:27' ),
	( 'Sandra' , '2017-6-13 21:43:55' ),
	( 'Maria' , '2017-10-15 4:21:8' ),
	( 'Ana' , '2017-8-1 12:48:16' ),
	( 'Tiago' , '2017-8-8 13:30:30' ),
	( 'Ines' , '2017-5-14 17:14:49' ),
	( 'Sandra' , '2017-2-5 10:25:13' ),
	( 'Ines' , '2017-10-28 2:8:53' ),
	( 'Ana' , '2017-12-14 18:57:5' ),
	( 'Ines' , '2017-1-10 21:8:33' ),
	( 'Pedro' , '2017-10-6 4:17:21' ),
	( 'Sandra' , '2017-4-19 11:16:15' ),
	( 'Sandra' , '2017-6-17 14:36:6' ),
	( 'Joana' , '2017-3-25 9:59:9' ),
	( 'Afonso' , '2017-2-24 21:35:44' ),
	( 'Tiago' , '2017-3-4 6:35:47' ),
	( 'Joana' , '2017-5-4 12:27:25' ),
	( 'Joana' , '2017-8-17 9:58:47' ),
	( 'Nuno' , '2017-10-15 10:29:4' ),
	( 'Ana' , '2017-1-9 5:7:56' ),
	( 'Nuno' , '2017-5-3 14:9:56' ),
	( 'Filipe' , '2017-6-28 7:49:53' ),
	( 'Sandra' , '2017-1-27 22:55:19' ),
	( 'Joao' , '2017-4-21 16:44:27' ),
	( 'Pedro' , '2017-12-22 2:54:29' ),
	( 'Filipe' , '2017-5-11 7:47:51' ),
	( 'Afonso' , '2017-6-12 12:20:42' ),
	( 'Pedro' , '2017-7-18 19:44:31' ),
	( 'Marta' , '2017-5-5 21:17:10' ),
	( 'Filipe' , '2017-2-27 20:28:5' ),
	( 'Ana' , '2017-6-24 19:36:14' ),
	( 'Ines' , '2017-10-13 20:41:55' ),
	( 'Marta' , '2017-9-28 11:31:39' ),
	( 'Sandra' , '2017-3-2 18:38:10' );


INSERT INTO reposicao
VALUES
	( 1049212075262 , 3 , 'r' , 'm' , 'Nuno' , '2017-2-6 1:20:23' , 6 ),
	( 4277253275215 , 4 , 'r' , 't' , 'Sandra' , '2017-11-20 5:47:51' , 17 ),
	( 1562231791567 , 1 , 'r' , 't' , 'Joana' , '2017-9-13 23:39:30' , 21 ),
	( 7682764481309 , 1 , 'r' , 'm' , 'Joao' , '2017-6-10 1:49:55' , 17 ),
	( 4277253275215 , 4 , 'r' , 't' , 'Sandra' , '2017-1-24 1:55:22' , 17 ),
	( 4048819368882 , 3 , 'r' , 'b' , 'Joao' , '2017-6-27 3:44:41' , 11 ),
	( 6667738361960 , 4 , 'l' , 't' , 'Maria' , '2017-3-15 6:59:23' , 26 ),
	( 3673903430351 , 2 , 'r' , 't' , 'Vitor' , '2017-10-8 13:9:51' , 17 ),
	( 4277253275215 , 4 , 'r' , 't' , 'Sandra' , '2017-10-15 18:11:58' , 17 ),
	( 6292904432609 , 5 , 'l' , 't' , 'Marta' , '2017-1-11 4:22:46' , 24 ),
	( 9642942317805 , 4 , 'r' , 'b' , 'Joana' , '2017-8-2 9:27:11' , 12 ),
	( 5224560880042 , 1 , 'l' , 'b' , 'Pedro' , '2017-11-18 20:56:28' , 14 ),
	( 8409928082352 , 6 , 'r' , 't' , 'Pedro' , '2017-3-1 14:2:5' , 13 ),
	( 4277253275215 , 4 , 'r' , 't' , 'Sandra' , '2017-8-1 23:20:36' , 17 ),
	( 1049212075262 , 3 , 'r' , 'm' , 'Nuno' , '2017-2-17 19:21:46' , 6 ),
	( 4754967584414 , 3 , 'r' , 't' , 'Joana' , '2017-10-7 11:15:44' , 19 ),
	( 6108988088469 , 9 , 'r' , 'b' , 'Maria' , '2017-3-21 9:35:40' , 7 ),
	( 6280029177262 , 1 , 'l' , 'b' , 'Afonso' , '2017-8-23 3:52:47' , 15 ),
	( 4277253275215 , 4 , 'r' , 't' , 'Sandra' , '2017-12-24 9:2:58' , 17 ),
	( 2830090679473 , 3 , 'l' , 'm' , 'Joao' , '2017-6-14 10:34:51' , 9 ),
	( 5159725826991 , 4 , 'r' , 'b' , 'Vitor' , '2017-2-24 2:14:13' , 16 ),
	( 6667738361960 , 4 , 'l' , 't' , 'Ana' , '2017-7-1 7:54:48' , 26 ),
	( 4219142807296 , 4 , 'l' , 't' , 'Tiago' , '2017-8-13 18:45:33' , 4 ),
	( 7732525605567 , 6 , 'r' , 'b' , 'Joana' , '2017-2-4 22:51:23' , 4 ),
	( 4982697537829 , 1 , 'r' , 'b' , 'Marta' , '2017-10-20 10:30:30' , 16 ),
	( 5514675956512 , 2 , 'r' , 'b' , 'Joana' , '2017-3-2 5:24:14' , 16 ),
	( 4277253275215 , 4 , 'r' , 't' , 'Sandra' , '2017-9-7 12:7:15' , 17 ),
	( 4973481511048 , 4 , 'l' , 't' , 'Marta' , '2017-1-23 15:28:25' , 19 ),
	( 2422333218234 , 4 , 'l' , 'b' , 'Marta' , '2017-10-15 13:48:31' , 11 ),
	( 4277253275215 , 4 , 'r' , 't' , 'Sandra' , '2017-12-3 20:44:51' , 17 ),
	( 1787542570907 , 10 , 'l' , 'm' , 'Maria' , '2017-1-17 6:8:18' , 20 ),
	( 7990385863629 , 8 , 'l' , 'b' , 'Pedro' , '2017-10-10 17:33:42' , 21 ),
	( 8279031910205 , 2 , 'r' , 't' , 'Maria' , '2017-12-15 23:50:16' , 25 ),
	( 4139665800283 , 10 , 'r' , 't' , 'Filipe' , '2017-12-4 7:17:18' , 23 ),
	( 7732525605567 , 6 , 'r' , 'b' , 'Ines' , '2017-9-5 3:40:43' , 4 ),
	( 4277253275215 , 4 , 'r' , 't' , 'Sandra' , '2017-2-18 15:5:6' , 17 ),
	( 3648491318770 , 3 , 'r' , 'b' , 'Filipe' , '2017-12-24 5:11:51' , 15 ),
	( 6667738361960 , 4 , 'l' , 't' , 'Joana' , '2017-6-9 2:20:57' , 26 ),
	( 9128345837215 , 5 , 'r' , 'm' , 'Ines' , '2017-5-6 5:20:14' , 18 ),
	( 4219142807296 , 4 , 'l' , 't' , 'Tiago' , '2017-6-15 2:10:6' , 4 ),
	( 4219142807296 , 4 , 'l' , 't' , 'Tiago' , '2017-11-16 16:36:55' , 4 ),
	( 9024961388715 , 10 , 'l' , 't' , 'Joana' , '2017-2-8 22:49:5' , 2 ),
	( 3680934453132 , 9 , 'r' , 'm' , 'Pedro' , '2017-5-26 5:42:57' , 13 ),
	( 9132623902059 , 7 , 'r' , 'm' , 'Marta' , '2017-9-14 1:20:29' , 11 ),
	( 4219142807296 , 4 , 'l' , 't' , 'Tiago' , '2017-1-22 19:31:8' , 4 ),
	( 6819054740910 , 3 , 'l' , 't' , 'Afonso' , '2017-8-13 12:58:57' , 7 ),
	( 3847118770476 , 7 , 'r' , 'm' , 'Marta' , '2017-5-6 14:35:7' , 14 ),
	( 8459667920162 , 9 , 'r' , 'b' , 'Afonso' , '2017-8-15 15:13:42' , 23 ),
	( 1049212075262 , 3 , 'r' , 'm' , 'Nuno' , '2017-6-3 23:7:10' , 6 ),
	( 1719383838390 , 8 , 'l' , 'm' , 'Filipe' , '2017-3-26 16:49:9' , 15 ),
	( 3018716117515 , 7 , 'r' , 'b' , 'Joana' , '2017-5-14 14:25:11' , 7 ),
	( 4219142807296 , 4 , 'l' , 't' , 'Tiago' , '2017-4-26 21:46:24' , 4 ),
	( 5790463815102 , 1 , 'l' , 't' , 'Ines' , '2017-5-26 2:1:32' , 11 ),
	( 1049212075262 , 3 , 'r' , 'm' , 'Nuno' , '2017-7-6 12:8:56' , 6 ),
	( 5365656306759 , 7 , 'r' , 'm' , 'Afonso' , '2017-2-17 23:59:59' , 2 ),
	( 1908179236051 , 4 , 'l' , 'm' , 'Maria' , '2017-10-14 7:51:37' , 24 ),
	( 2792337566530 , 3 , 'l' , 'b' , 'Ana' , '2017-6-25 3:46:55' , 17 ),
	( 1049212075262 , 3 , 'r' , 'm' , 'Nuno' , '2017-8-28 13:24:29' , 6 ),
	( 2480558541399 , 4 , 'r' , 't' , 'Afonso' , '2017-1-16 9:23:5' , 13 ),
	( 6444704424076 , 7 , 'r' , 't' , 'Vitor' , '2017-7-2 10:29:36' , 23 ),
	( 6667738361960 , 4 , 'l' , 't' , 'Joao' , '2017-12-2 18:48:3' , 26 ),
	( 3299026580219 , 3 , 'r' , 't' , 'Pedro' , '2017-4-1 16:30:12' , 1 ),
	( 1049212075262 , 3 , 'r' , 'm' , 'Nuno' , '2017-6-3 23:9:49' , 6 ),
	( 9505407250433 , 5 , 'l' , 't' , 'Vitor' , '2017-1-25 12:32:23' , 8 ),
	( 5287713523446 , 5 , 'r' , 't' , 'Filipe' , '2017-10-5 13:41:30' , 11 ),
	( 9505407250433 , 5 , 'l' , 't' , 'Maria' , '2017-11-7 7:54:59' , 8 ),
	( 3084150118268 , 3 , 'r' , 't' , 'Pedro' , '2017-8-10 12:33:27' , 17 ),
	( 4277253275215 , 4 , 'r' , 't' , 'Sandra' , '2017-6-13 21:43:55' , 17 ),
	( 1017256593495 , 2 , 'l' , 'm' , 'Maria' , '2017-10-15 4:21:8' , 16 ),
	( 3791365110687 , 10 , 'l' , 'm' , 'Ana' , '2017-8-1 12:48:16' , 8 ),
	( 4219142807296 , 4 , 'l' , 't' , 'Tiago' , '2017-8-8 13:30:30' , 4 ),
	( 1877564433985 , 3 , 'r' , 'b' , 'Ines' , '2017-5-14 17:14:49' , 12 ),
	( 4277253275215 , 4 , 'r' , 't' , 'Sandra' , '2017-2-5 10:25:13' , 17 ),
	( 2231835034865 , 3 , 'r' , 't' , 'Ines' , '2017-10-28 2:8:53' , 2 ),
	( 4731146103910 , 4 , 'r' , 't' , 'Ana' , '2017-12-14 18:57:5' , 9 ),
	( 5026430219610 , 9 , 'r' , 't' , 'Ines' , '2017-1-10 21:8:33' , 14 ),
	( 2091406654139 , 7 , 'r' , 'b' , 'Pedro' , '2017-10-6 4:17:21' , 13 ),
	( 4277253275215 , 4 , 'r' , 't' , 'Sandra' , '2017-4-19 11:16:15' , 17 ),
	( 4277253275215 , 4 , 'r' , 't' , 'Sandra' , '2017-6-17 14:36:6' , 17 ),
	( 1326113366631 , 2 , 'r' , 't' , 'Joana' , '2017-3-25 9:59:9' , 25 ),
	( 7200007192167 , 8 , 'l' , 'b' , 'Afonso' , '2017-2-24 21:35:44' , 9 ),
	( 4219142807296 , 4 , 'l' , 't' , 'Tiago' , '2017-3-4 6:35:47' , 4 ),
	( 7919571713974 , 6 , 'r' , 'b' , 'Joana' , '2017-5-4 12:27:25' , 21 ),
	( 2268399693168 , 7 , 'r' , 'm' , 'Joana' , '2017-8-17 9:58:47' , 21 ),
	( 1049212075262 , 3 , 'r' , 'm' , 'Nuno' , '2017-10-15 10:29:4' , 6 ),
	( 8477040454426 , 3 , 'r' , 'm' , 'Ana' , '2017-1-9 5:7:56' , 16 ),
	( 1049212075262 , 3 , 'r' , 'm' , 'Nuno' , '2017-5-3 14:9:56' , 6 ),
	( 6292904432609 , 5 , 'l' , 't' , 'Filipe' , '2017-6-28 7:49:53' , 24 ),
	( 4277253275215 , 4 , 'r' , 't' , 'Sandra' , '2017-1-27 22:55:19' , 17 ),
	( 3894543306815 , 10 , 'r' , 'b' , 'Joao' , '2017-4-21 16:44:27' , 7 ),
	( 1693136881009 , 6 , 'r' , 't' , 'Pedro' , '2017-12-22 2:54:29' , 6 ),
	( 7429847886418 , 2 , 'r' , 't' , 'Filipe' , '2017-5-11 7:47:51' , 16 ),
	( 8866770966974 , 9 , 'r' , 'b' , 'Afonso' , '2017-6-12 12:20:42' , 19 ),
	( 4561828220465 , 10 , 'l' , 'm' , 'Pedro' , '2017-7-18 19:44:31' , 23 ),
	( 1363516383065 , 2 , 'l' , 'm' , 'Marta' , '2017-5-5 21:17:10' , 17 ),
	( 9551943320820 , 7 , 'l' , 'm' , 'Filipe' , '2017-2-27 20:28:5' , 22 ),
	( 1937854191777 , 1 , 'l' , 't' , 'Ana' , '2017-6-24 19:36:14' , 5 ),
	( 4084408562078 , 1 , 'r' , 'b' , 'Ines' , '2017-10-13 20:41:55' , 1 ),
	( 6310751790225 , 7 , 'l' , 't' , 'Marta' , '2017-9-28 11:31:39' , 13 ),
	( 4277253275215 , 4 , 'r' , 't' , 'Sandra' , '2017-3-2 18:38:10' , 17 );

END;
